{"Q2":[{"Season":"Q2","year":"2005","Sea-salt":0.024415,"Crustal":1.641997,"OrganicCarbon":1.128585,"ElementalCarbon":0.204692,"Nitrate":0.406333333333333,"Sulfate":1.29741666666667,"SumOfSpecies":4.703439000000003},{"Season":"Q2","year":"2006","Sea-salt":0.062418,"Crustal":2.544624,"OrganicCarbon":0.7775,"ElementalCarbon":0.12122,"Nitrate":0.357692307692308,"Sulfate":1.24184615384615,"SumOfSpecies":5.105300461538458}],"Q3":[{"Season":"Q3","year":"2005","Sea-salt":0.01962,"Crustal":1.713429,"OrganicCarbon":1.077037,"ElementalCarbon":0.147732,"Nitrate":0.3362,"Sulfate":1.39133333333333,"SumOfSpecies":4.68535133333333},{"Season":"Q3","year":"2006","Sea-salt":0.002661,"Crustal":1.221265,"OrganicCarbon":0.873737,"ElementalCarbon":0.196452,"Nitrate":0.311714285714286,"Sulfate":1.47057142857143,"SumOfSpecies":4.0764007142857155}],"Q4":[{"Season":"Q4","year":"2005","Sea-salt":0.018731,"Crustal":2.8271,"OrganicCarbon":1.962998,"ElementalCarbon":0.791194,"Nitrate":1.9956875,"Sulfate":0.955125,"SumOfSpecies":8.5508355},{"Season":"Q4","year":"2006","Sea-salt":0.017974,"Crustal":2.400135,"OrganicCarbon":1.491828,"ElementalCarbon":0.713266,"Nitrate":1.73085714285714,"Sulfate":0.853714285714286,"SumOfSpecies":7.207774428571426}],"Q1":[{"Season":"Q1","year":"2006","Sea-salt":0.05226,"Crustal":2.520916,"OrganicCarbon":0.825229,"ElementalCarbon":0.364217,"Nitrate":1.0475,"Sulfate":0.675916666666667,"SumOfSpecies":5.486038666666667}],"Annual":[{"Season":"Annual","year":"2006","Sea-salt":0.03382825,"Crustal":2.171735,"OrganicCarbon":0.9920735,"ElementalCarbon":0.34878875,"Nitrate":0.8619409340659335,"Sulfate":1.0605121336996333,"SumOfSpecies":5.468878567765566}]}