{"Q3":[{"Season":"Q3","year":"2020","Sea-salt":0.026332,"Crustal":1.300653,"OrganicCarbon":5.70681818181818,"ElementalCarbon":0.682727272727273,"Nitrate":0.511318181818182,"Sulfate":0.551,"SumOfSpecies":8.778848636363636},{"Season":"Q3","year":"2021","Sea-salt":0.021866,"Crustal":1.109357,"OrganicCarbon":3.70333333333333,"ElementalCarbon":0.487666666666667,"Nitrate":0.309866666666667,"Sulfate":0.558533333333333,"SumOfSpecies":6.190622999999997}],"Q4":[{"Season":"Q4","year":"2020","Sea-salt":0.046692,"Crustal":1.098955,"OrganicCarbon":2.305,"ElementalCarbon":0.466428571428571,"Nitrate":1.02610714285714,"Sulfate":0.349392857142857,"SumOfSpecies":5.292575571428569},{"Season":"Q4","year":"2021","Sea-salt":0.024258,"Crustal":0.974238,"OrganicCarbon":0.617142857142857,"ElementalCarbon":0.213928571428571,"Nitrate":0.756392857142857,"Sulfate":0.265392857142857,"SumOfSpecies":2.851353142857142}],"Q1":[{"Season":"Q1","year":"2021","Sea-salt":0.060785,"Crustal":0.428289,"OrganicCarbon":0.696666666666667,"ElementalCarbon":0.232666666666667,"Nitrate":2.1314,"Sulfate":0.549033333333333,"SumOfSpecies":4.098840666666668}],"Q2":[{"Season":"Q2","year":"2021","Sea-salt":0.026903,"Crustal":0.756293,"OrganicCarbon":0.904516129032258,"ElementalCarbon":0.178387096774194,"Nitrate":0.717387096774194,"Sulfate":0.514612903225806,"SumOfSpecies":3.098099225806452}],"Annual":[{"Season":"Annual","year":"2021","Sea-salt":0.033453,"Crustal":0.81704425,"OrganicCarbon":1.480414746543778,"ElementalCarbon":0.27816225038402476,"Nitrate":0.9787616551459296,"Sulfate":0.4718931067588322,"SumOfSpecies":4.059729008832565}]}