{"Q2":[{"Season":"Q2","year":"2021","Sea-salt":0.099754,"Crustal":1.266692,"OrganicCarbon":1.48157142857143,"ElementalCarbon":0.544571428571428,"Nitrate":1.30666666666667,"Sulfate":0.673333333333333,"SumOfSpecies":5.372588857142861}],"Q3":[{"Season":"Q3","year":"2021","Sea-salt":0.091394,"Crustal":2.039612,"OrganicCarbon":4.9554,"ElementalCarbon":1.22353333333333,"Nitrate":0.541333333333333,"Sulfate":0.747333333333333,"SumOfSpecies":9.598605999999997}],"Q4":[{"Season":"Q4","year":"2021","Sea-salt":0.196555,"Crustal":2.261131,"OrganicCarbon":1.7346875,"ElementalCarbon":1.027625,"Nitrate":1.23625,"Sulfate":0.364375,"SumOfSpecies":6.820623499999999}],"Annual":[]}