{"Q1":[{"Season":"Q1","year":"2002","Sea-salt":0.048137,"Crustal":0.529094,"OrganicCarbon":3.070565,"ElementalCarbon":0.574213,"Nitrate":1.78428571428571,"Sulfate":0.717857142857143,"SumOfSpecies":6.724151857142854},{"Season":"Q1","year":"2003","Sea-salt":0.00912,"Crustal":0.548105,"OrganicCarbon":2.412096,"ElementalCarbon":0.687773,"Nitrate":1.79513333333333,"Sulfate":0.73,"SumOfSpecies":6.18222733333333}],"Q2":[{"Season":"Q2","year":"2002","Sea-salt":0.020796,"Crustal":1.592602,"OrganicCarbon":2.125391,"ElementalCarbon":0.27391,"Nitrate":0.283933333333333,"Sulfate":0.746,"SumOfSpecies":5.042632333333334},{"Season":"Q2","year":"2003","Sea-salt":0.003705,"Crustal":1.12813,"OrganicCarbon":1.19809,"ElementalCarbon":0.232631,"Nitrate":0.30825,"Sulfate":0.8975,"SumOfSpecies":3.7683060000000004}],"Q3":[{"Season":"Q3","year":"2002","Sea-salt":0.018476,"Crustal":1.106898,"OrganicCarbon":2.721803,"ElementalCarbon":0.475331,"Nitrate":0.33,"Sulfate":0.887142857142857,"SumOfSpecies":5.539650857142857},{"Season":"Q3","year":"2003","Sea-salt":0.011316,"Crustal":0.745765,"OrganicCarbon":2.278714,"ElementalCarbon":0.340913,"Nitrate":0.187933333333333,"Sulfate":0.8036,"SumOfSpecies":4.368241333333333}],"Q4":[{"Season":"Q4","year":"2002","Sea-salt":0.014863,"Crustal":0.696222,"OrganicCarbon":3.153722,"ElementalCarbon":0.75421,"Nitrate":1.6255,"Sulfate":0.760714285714286,"SumOfSpecies":7.005231285714285}],"Annual":[{"Season":"Annual","year":"2002","Sea-salt":0.025567999999999997,"Crustal":0.9812040000000001,"OrganicCarbon":2.76787025,"ElementalCarbon":0.519416,"Nitrate":1.0059297619047607,"Sulfate":0.7779285714285715,"SumOfSpecies":6.077916583333332}]}