{"Q2":[{"Season":"Q2","year":"2021","Sea-salt":0.236609,"Crustal":0.861782,"OrganicCarbon":2.51869230769231,"ElementalCarbon":0.502153846153846,"Nitrate":0.341333333333333,"Sulfate":1.01666666666667,"SumOfSpecies":5.477237153846159}],"Q3":[{"Season":"Q3","year":"2021","Sea-salt":0.100891,"Crustal":0.778331,"OrganicCarbon":2.68271428571429,"ElementalCarbon":0.406714285714286,"Nitrate":0.174,"Sulfate":1.148,"SumOfSpecies":5.290650571428576}],"Q4":[{"Season":"Q4","year":"2021","Sea-salt":0.23771,"Crustal":0.346566,"OrganicCarbon":3.805375,"ElementalCarbon":1.260125,"Nitrate":0.284375,"Sulfate":0.82375,"SumOfSpecies":6.757901}],"Annual":[]}