{"Q1":[{"Season":"Q1","year":"2004","Sea-salt":0.016536,"Crustal":0.322476,"OrganicCarbon":1.657521,"ElementalCarbon":0.347865,"Nitrate":4.34835714285714,"Sulfate":2.739,"SumOfSpecies":9.43175514285714}],"Q2":[{"Season":"Q2","year":"2004","Sea-salt":0.002232,"Crustal":0.675973,"OrganicCarbon":1.679406,"ElementalCarbon":0.422439,"Nitrate":1.432,"Sulfate":2.45373333333333,"SumOfSpecies":6.66578333333333}],"Q3":[{"Season":"Q3","year":"2004","Sea-salt":0.012206,"Crustal":0.464092,"OrganicCarbon":2.416947,"ElementalCarbon":0.515405,"Nitrate":0.777266666666667,"Sulfate":3.36493333333333,"SumOfSpecies":7.550849999999997}],"Q4":[{"Season":"Q4","year":"2004","Sea-salt":0.1353,"Crustal":0.353031,"OrganicCarbon":1.728059,"ElementalCarbon":0.488773,"Nitrate":3.53366666666667,"Sulfate":2.43106666666667,"SumOfSpecies":8.669896333333341}],"Annual":[{"Season":"Annual","year":"2004","Sea-salt":0.0415685,"Crustal":0.453893,"OrganicCarbon":1.87048325,"ElementalCarbon":0.4436205,"Nitrate":2.522822619047619,"Sulfate":2.747183333333332,"SumOfSpecies":8.07957120238095}]}