{"Q3":[{"Season":"Q3","year":"2002","Sea-salt":0.057082,"Crustal":2.684903,"OrganicCarbon":3.037055,"ElementalCarbon":0.824992,"Nitrate":0.3119375,"Sulfate":1.11125,"SumOfSpecies":8.027219500000001},{"Season":"Q3","year":"2003","Sea-salt":0.057036,"Crustal":2.139426,"OrganicCarbon":2.868507,"ElementalCarbon":1.115336,"Nitrate":0.319466666666667,"Sulfate":1.28786666666667,"SumOfSpecies":7.787638333333337}],"Q4":[{"Season":"Q4","year":"2002","Sea-salt":0.0738,"Crustal":3.996959,"OrganicCarbon":6.705882,"ElementalCarbon":2.058993,"Nitrate":1.48821428571429,"Sulfate":0.882142857142857,"SumOfSpecies":15.205991142857146},{"Season":"Q4","year":"2003","Sea-salt":0.0783,"Crustal":2.734058,"OrganicCarbon":6.958248,"ElementalCarbon":2.074289,"Nitrate":1.61146666666667,"Sulfate":0.789,"SumOfSpecies":14.245361666666671}],"Q1":[{"Season":"Q1","year":"2003","Sea-salt":0.02088,"Crustal":2.510722,"OrganicCarbon":4.149121,"ElementalCarbon":1.478008,"Nitrate":1.80086666666667,"Sulfate":0.724666666666667,"SumOfSpecies":10.684264333333337},{"Season":"Q1","year":"2004","Sea-salt":0.033339,"Crustal":1.721324,"OrganicCarbon":3.781908,"ElementalCarbon":1.111731,"Nitrate":1.11007333333333,"Sulfate":0.595466666666667,"SumOfSpecies":8.353841999999997}],"Q2":[{"Season":"Q2","year":"2003","Sea-salt":0.02556,"Crustal":1.982637,"OrganicCarbon":2.433527,"ElementalCarbon":0.688494,"Nitrate":0.475466666666667,"Sulfate":1.39933333333333,"SumOfSpecies":7.005017999999998}],"Annual":[{"Season":"Annual","year":"2003","Sea-salt":0.045444,"Crustal":2.34171075,"OrganicCarbon":4.10235075,"ElementalCarbon":1.33903175,"Nitrate":1.0518166666666686,"Sulfate":1.0502166666666668,"SumOfSpecies":9.930570583333337}]}