{"Q1":[{"Season":"Q1","year":"2021","Sea-salt":0.21003,"Crustal":0.215529,"OrganicCarbon":1.681,"ElementalCarbon":0.5495,"Nitrate":3.02214285714286,"Sulfate":1.02071428571429,"SumOfSpecies":6.698916142857149}],"Q2":[{"Season":"Q2","year":"2021","Sea-salt":0.099102,"Crustal":0.538941,"OrganicCarbon":2.12353333333333,"ElementalCarbon":0.5476,"Nitrate":1.46,"Sulfate":1.13333333333333,"SumOfSpecies":5.902509666666661}],"Q3":[{"Season":"Q3","year":"2021","Sea-salt":0.09507,"Crustal":0.307801,"OrganicCarbon":3.33653333333333,"ElementalCarbon":0.722,"Nitrate":0.660666666666667,"Sulfate":1.53666666666667,"SumOfSpecies":6.658737666666667}],"Q4":[{"Season":"Q4","year":"2021","Sea-salt":0.252965,"Crustal":0.251833,"OrganicCarbon":2.13025,"ElementalCarbon":0.9695625,"Nitrate":2.83875,"Sulfate":0.94875,"SumOfSpecies":7.392110500000001}],"Annual":[{"Season":"Annual","year":"2021","Sea-salt":0.16429175,"Crustal":0.328526,"OrganicCarbon":2.317829166666665,"ElementalCarbon":0.697165625,"Nitrate":1.9953898809523816,"Sulfate":1.1598660714285725,"SumOfSpecies":6.663068494047619}]}