{"Q2":[{"Season":"Q2","year":"2021","Sea-salt":0.041974,"Crustal":0.733975,"OrganicCarbon":1.13157142857143,"ElementalCarbon":0.214,"Nitrate":0.929285714285714,"Sulfate":0.716428571428571,"SumOfSpecies":3.767234714285715}],"Annual":[]}