{"Q4":[{"Season":"Q4","year":"2019","Sea-salt":0.190286,"Crustal":0.257354,"OrganicCarbon":1.65389285714286,"ElementalCarbon":0.6765,"Nitrate":3.026,"Sulfate":0.882666666666667,"SumOfSpecies":6.686699523809526},{"Season":"Q4","year":"2020","Sea-salt":0.151877,"Crustal":0.378872,"OrganicCarbon":1.86593333333333,"ElementalCarbon":0.585466666666667,"Nitrate":1.601,"Sulfate":0.730333333333333,"SumOfSpecies":5.31348233333333},{"Season":"Q4","year":"2021","Sea-salt":0.167306,"Crustal":0.402649,"OrganicCarbon":1.90338709677419,"ElementalCarbon":0.68358064516129,"Nitrate":1.52645161290323,"Sulfate":0.760645161290323,"SumOfSpecies":5.444019516129033}],"Q1":[{"Season":"Q1","year":"2020","Sea-salt":0.273166,"Crustal":0.212891,"OrganicCarbon":1.231,"ElementalCarbon":0.449458333333333,"Nitrate":2.90913043478261,"Sulfate":0.841304347826087,"SumOfSpecies":5.91695011594203},{"Season":"Q1","year":"2021","Sea-salt":0.254926,"Crustal":0.384461,"OrganicCarbon":1.7897,"ElementalCarbon":0.535833333333333,"Nitrate":3.08966666666667,"Sulfate":0.898666666666667,"SumOfSpecies":6.95325366666667}],"Q2":[{"Season":"Q2","year":"2021","Sea-salt":0.093623,"Crustal":0.499531,"OrganicCarbon":1.98758064516129,"ElementalCarbon":0.536838709677419,"Nitrate":1.26483870967742,"Sulfate":1.00709677419355,"SumOfSpecies":5.38950883870968}],"Q3":[{"Season":"Q3","year":"2021","Sea-salt":0.065641,"Crustal":0.561027,"OrganicCarbon":3.0415,"ElementalCarbon":0.728,"Nitrate":0.448333333333333,"Sulfate":0.883333333333333,"SumOfSpecies":5.727834666666666}],"Annual":[{"Season":"Annual","year":"2021","Sea-salt":0.145374,"Crustal":0.461917,"OrganicCarbon":2.1805419354838698,"ElementalCarbon":0.6210631720430105,"Nitrate":1.5823225806451633,"Sulfate":0.8874354838709683,"SumOfSpecies":5.878654172043012}]}