{"Q1":[{"Season":"Q1","year":"2004","Sea-salt":0.832836,"Crustal":0.415179,"OrganicCarbon":0.032157,"ElementalCarbon":0.16792,"Nitrate":0.192133333333333,"Sulfate":0.9882,"SumOfSpecies":2.6284253333333334}],"Q3":[{"Season":"Q3","year":"2004","Sea-salt":0.774876,"Crustal":2.684803,"OrganicCarbon":0.079073,"ElementalCarbon":0.085724,"Nitrate":0.207533333333333,"Sulfate":1.4866,"SumOfSpecies":5.318609333333333}],"Annual":[]}