"day","average","high","low"
0,20.576612378,73,0
1,19.681635302,77.3,0
2,19.302910737,83.8,0
3,19.495016181,77,0
4,19.915724496,73.3,0
5,20.349607843,78.1,0
6,20.600717547,62,0
7,20.540769733,89.9,0
8,20.807607282,89.4,0
9,20.548311688,135,0
10,20.108425146,80,0
11,19.557980456,76.2,0
12,19.441038961,73,0
13,20.103515625,78.4,0
14,19.583018868,65,0
15,19.40246114,63,0
16,19.548038585,88,0
17,19.751197411,79.1,0
18,19.376853643,108,0
19,19.595809155,70,0
20,19.654188144,73.4,0
21,18.243224149,65.7,0
22,18.311776062,88.8,0
23,18.527296082,94,0
24,18.409318766,85,0
25,17.62881137,72,0
26,17.901291156,74,0
27,18.097241822,66,0
28,19.064842241,73,0
29,18.365576923,74,0
30,16.886774194,68.5,0
31,16.778957529,77,0
32,17.296658098,67.7,0
33,17.353806782,64.7,0
34,17.985209003,76.6,0
35,18.248264781,72,0
36,17.97039897,69,0
37,16.978092784,71,0
38,17.39046074,73,0
39,18.211168831,69.8,0
40,17.697591146,69,0
41,18.157068742,64,0
42,17.323969072,86,0
43,16.710128205,69.4,0
44,15.864249037,79,0
45,16.246889031,71.6,0
46,16.395961538,63.4,0
47,16.537371134,75.4,0
48,17.167287918,66.8,0
49,16.837669903,87,0
50,17.050805932,96,0
51,16.932349166,64.4,0
52,16.062613195,60,0
53,15.65883871,65.7,0
54,15.913127413,72.9,0
55,15.759562138,60,0
56,15.101162791,63.6,0
57,14.595466321,62.1,0
58,15.265872505,65.9,0
59,14.941866494,71,0
60,15.244977317,74,0
61,16.124140169,76,0
62,17.027449708,68.1,0
63,17.364702073,67.9,0
64,16.923411154,64.8,0
65,15.812443292,75.3,0
66,15.541332471,62,0
67,15.053661698,60.8,0
68,14.400648929,64.7,0
69,14.217490247,65,0
70,14.095906433,61.3,0
71,14.139021249,58.5,0
72,14.426765083,70,0
73,14.879574742,60,0
74,14.711874198,77,0
75,14.763994829,86,0
76,15.020685197,102,0
77,14.695542636,64,0
78,13.319779507,61,0
79,13.136511025,60,0
80,13.832098765,111.2,0
81,13.827308192,54,0
82,12.994886731,65,0
83,12.908023483,63.7,0
84,13.19210698,101.3,0
85,12.738286827,156.9,0
86,12.524802111,65.3,0
87,12.931884058,65.6,0
88,12.912139108,73,0
89,13.221759259,73.3,0
90,13.277349869,60.3,0
91,14.077254642,61,0
