{"Q3":[],"Q4":[{"Season":"Q4","year":"2017","Sea-salt":0.021214,"Crustal":0.230554,"OrganicCarbon":2.979,"ElementalCarbon":0.712,"Nitrate":0.378571428571429,"Sulfate":0.868571428571428,"SumOfSpecies":5.189910857142857}],"Annual":[]}