{"Q4":[{"Season":"Q4","year":"2014","Sea-salt":0.157992,"Crustal":0.749532,"OrganicCarbon":2.48623076923077,"ElementalCarbon":0.807961538461538,"Nitrate":1.3148,"Sulfate":0.77932,"SumOfSpecies":6.2958363076923085}],"Q1":[{"Season":"Q1","year":"2015","Sea-salt":0.15015,"Crustal":0.676444,"OrganicCarbon":2.43875,"ElementalCarbon":0.774916666666667,"Nitrate":2.136375,"Sulfate":0.789358333333333,"SumOfSpecies":6.965994000000001},{"Season":"Q1","year":"2016","Sea-salt":0.205615,"Crustal":0.628987,"OrganicCarbon":2.24311538461538,"ElementalCarbon":0.674846153846154,"Nitrate":1.40961538461538,"Sulfate":0.534615384615385,"SumOfSpecies":5.696794307692299}],"Q2":[{"Season":"Q2","year":"2015","Sea-salt":0.432706,"Crustal":0.602361,"OrganicCarbon":1.3414347826087,"ElementalCarbon":0.272173913043478,"Nitrate":1.45512,"Sulfate":1.36892,"SumOfSpecies":5.472715695652178},{"Season":"Q2","year":"2016","Sea-salt":0.226575,"Crustal":0.464215,"OrganicCarbon":1.1418125,"ElementalCarbon":0.288125,"Nitrate":1.054375,"Sulfate":1.011875,"SumOfSpecies":4.1869775}],"Q3":[{"Season":"Q3","year":"2015","Sea-salt":0.334507,"Crustal":0.588539,"OrganicCarbon":1.98920833333333,"ElementalCarbon":0.401791666666667,"Nitrate":1.56345833333333,"Sulfate":1.54141666666667,"SumOfSpecies":6.418920999999997}],"Annual":[]}