{"Q3":[{"Season":"Q3","year":"2016","Sea-salt":0.080509,"Crustal":0.585489,"OrganicCarbon":2.04054545454545,"ElementalCarbon":0.357454545454545,"Nitrate":1.41347826086957,"Sulfate":1.74826086956522,"SumOfSpecies":6.225737130434785},{"Season":"Q3","year":"2017","Sea-salt":0.13182,"Crustal":0.547155,"OrganicCarbon":2.39143333333333,"ElementalCarbon":0.419166666666667,"Nitrate":1.31433333333333,"Sulfate":1.677,"SumOfSpecies":6.480908333333327}],"Q4":[{"Season":"Q4","year":"2016","Sea-salt":0.08364,"Crustal":0.705561,"OrganicCarbon":3.31648,"ElementalCarbon":0.79972,"Nitrate":1.36066666666667,"Sulfate":0.624666666666667,"SumOfSpecies":6.890734333333337},{"Season":"Q4","year":"2017","Sea-salt":0.363597,"Crustal":0.86351,"OrganicCarbon":3.6918064516129,"ElementalCarbon":1.04545161290323,"Nitrate":1.43677419354839,"Sulfate":0.600645161290323,"SumOfSpecies":8.001784419354843}],"Q1":[{"Season":"Q1","year":"2017","Sea-salt":0.328299,"Crustal":0.406725,"OrganicCarbon":2.49840740740741,"ElementalCarbon":0.57937037037037,"Nitrate":1.20392857142857,"Sulfate":0.438928571428571,"SumOfSpecies":5.455658920634921}],"Q2":[{"Season":"Q2","year":"2017","Sea-salt":0.705901,"Crustal":0.593091,"OrganicCarbon":1.54467741935484,"ElementalCarbon":0.300096774193548,"Nitrate":1.4958064516129,"Sulfate":1.22741935483871,"SumOfSpecies":5.866991999999997}],"Annual":[{"Season":"Annual","year":"2017","Sea-salt":0.38240425,"Crustal":0.60262025,"OrganicCarbon":2.53158115292712,"ElementalCarbon":0.5860213560334537,"Nitrate":1.3627106374807973,"Sulfate":0.985998271889401,"SumOfSpecies":6.451335918330773}]}