{"Q2":[{"Season":"Q2","year":"2009","Sea-salt":0.037787,"Crustal":2.162474,"OrganicCarbon":0.306428571428571,"ElementalCarbon":0.0492857142857143,"Nitrate":0.1876,"Sulfate":0.688192857142857,"SumOfSpecies":3.431768142857142},{"Season":"Q2","year":"2011","Sea-salt":0.00229,"Crustal":1.181466,"OrganicCarbon":0.450555555555556,"ElementalCarbon":0.0577777777777778,"Nitrate":0.133038888888889,"Sulfate":0.605105555555555,"SumOfSpecies":2.4302337777777776}],"Q3":[{"Season":"Q3","year":"2011","Sea-salt":0.013131,"Crustal":0.566181,"OrganicCarbon":0.580526315789474,"ElementalCarbon":0.0610526315789474,"Nitrate":0.0498842105263158,"Sulfate":0.429226315789474,"SumOfSpecies":1.7000014736842113}],"Annual":[]}