{"Q4":[{"Season":"Q4","year":"2016","Sea-salt":0.061586,"Crustal":2.533095,"OrganicCarbon":2.24178571428571,"ElementalCarbon":1.154,"Nitrate":1.08714285714286,"Sulfate":0.628571428571428,"SumOfSpecies":7.706180999999997},{"Season":"Q4","year":"2017","Sea-salt":0.175421,"Crustal":1.808963,"OrganicCarbon":2.13173333333333,"ElementalCarbon":1.18653333333333,"Nitrate":1.23133333333333,"Sulfate":0.441333333333333,"SumOfSpecies":6.975317333333322}],"Q1":[{"Season":"Q1","year":"2017","Sea-salt":0.056492,"Crustal":1.338878,"OrganicCarbon":2.05073333333333,"ElementalCarbon":1.01113333333333,"Nitrate":1.84533333333333,"Sulfate":0.611333333333333,"SumOfSpecies":6.913903333333322}],"Q2":[{"Season":"Q2","year":"2017","Sea-salt":0.00624,"Crustal":1.450077,"OrganicCarbon":1.4219375,"ElementalCarbon":0.674875,"Nitrate":0.499333333333333,"Sulfate":0.512,"SumOfSpecies":4.564462833333334}],"Q3":[{"Season":"Q3","year":"2017","Sea-salt":0.00756,"Crustal":1.815621,"OrganicCarbon":4.25064285714286,"ElementalCarbon":0.996214285714286,"Nitrate":0.402,"Sulfate":0.598,"SumOfSpecies":8.070038142857147}],"Annual":[{"Season":"Annual","year":"2017","Sea-salt":0.06142825,"Crustal":1.60338475,"OrganicCarbon":2.46376175595238,"ElementalCarbon":0.9671889880952366,"Nitrate":0.9944999999999983,"Sulfate":0.5406666666666665,"SumOfSpecies":6.630930410714282}]}