{"Q1":[{"Season":"Q1","year":"2001","Sea-salt":0.06135,"Crustal":0.468798,"OrganicCarbon":2.142188,"ElementalCarbon":0.350698,"Nitrate":6.435,"Sulfate":3.615,"SumOfSpecies":13.073034},{"Season":"Q1","year":"2002","Sea-salt":0.043185,"Crustal":0.636452,"OrganicCarbon":0.760003,"ElementalCarbon":0.211902,"Nitrate":2.19333333333333,"Sulfate":1.28083333333333,"SumOfSpecies":5.12570866666666}],"Q2":[{"Season":"Q2","year":"2001","Sea-salt":0.0081,"Crustal":1.292579,"OrganicCarbon":2.611341,"ElementalCarbon":0.432263,"Nitrate":2.26375,"Sulfate":5.0075,"SumOfSpecies":11.615533}],"Q3":[{"Season":"Q3","year":"2001","Sea-salt":0.0045,"Crustal":0.396286,"OrganicCarbon":4.377326,"ElementalCarbon":0.441186,"Nitrate":1.231,"Sulfate":3.726,"SumOfSpecies":10.176298}],"Q4":[],"Annual":[]}