{"Q3":[{"Season":"Q3","year":"2001","Sea-salt":0.0009,"Crustal":0.654244,"OrganicCarbon":3.309762,"ElementalCarbon":0.603655,"Nitrate":0.984444444444444,"Sulfate":6.02444444444444,"SumOfSpecies":11.577449888888884}],"Q4":[{"Season":"Q4","year":"2001","Sea-salt":0.013068,"Crustal":0.476601,"OrganicCarbon":3.719933,"ElementalCarbon":0.797368,"Nitrate":1.79626666666667,"Sulfate":2.876,"SumOfSpecies":9.67923666666667}],"Q1":[{"Season":"Q1","year":"2002","Sea-salt":0.035311,"Crustal":0.4159,"OrganicCarbon":2.309957,"ElementalCarbon":0.408069,"Nitrate":3.95962068965517,"Sulfate":3.01,"SumOfSpecies":10.13885768965517}],"Q2":[{"Season":"Q2","year":"2002","Sea-salt":0.015523,"Crustal":0.644963,"OrganicCarbon":2.573797,"ElementalCarbon":0.466061,"Nitrate":2.04389655172414,"Sulfate":4.45379310344828,"SumOfSpecies":10.19803365517242}],"Annual":[]}