{"Q2":[{"Season":"Q2","year":"2001","Sea-salt":0.001303,"Crustal":0.850165,"OrganicCarbon":2.060521,"ElementalCarbon":0.16756,"Nitrate":0.411466666666667,"Sulfate":0.804,"SumOfSpecies":4.295015666666667}],"Q3":[{"Season":"Q3","year":"2001","Sea-salt":0.02088,"Crustal":0.91731,"OrganicCarbon":3.300269,"ElementalCarbon":0.219112,"Nitrate":0.33337037037037,"Sulfate":0.713333333333333,"SumOfSpecies":5.504274703703703}],"Q4":[{"Season":"Q4","year":"2001","Sea-salt":0.010992,"Crustal":0.404157,"OrganicCarbon":4.271912,"ElementalCarbon":0.573132,"Nitrate":1.82435714285714,"Sulfate":0.734285714285714,"SumOfSpecies":7.818835857142854}],"Q1":[{"Season":"Q1","year":"2002","Sea-salt":0.016628,"Crustal":0.384122,"OrganicCarbon":3.119441,"ElementalCarbon":0.374877,"Nitrate":1.64110344827586,"Sulfate":0.957241379310345,"SumOfSpecies":6.493412827586205}],"Annual":[]}