{"Q3":[{"Season":"Q3","year":"2016","Sea-salt":0.00204,"Crustal":0.396645,"OrganicCarbon":1.96721428571429,"ElementalCarbon":0.43665,"Nitrate":0.2075,"Sulfate":1.04133333333333,"SumOfSpecies":4.0513826190476205},{"Season":"Q3","year":"2017","Sea-salt":0.095383,"Crustal":0.307279,"OrganicCarbon":2.02653333333333,"ElementalCarbon":0.474714285714286,"Nitrate":0.320666666666667,"Sulfate":0.814642857142857,"SumOfSpecies":4.03921914285714}],"Q4":[{"Season":"Q4","year":"2016","Sea-salt":0.005529,"Crustal":0.431297,"OrganicCarbon":1.69076923076923,"ElementalCarbon":0.544307692307692,"Nitrate":1.07,"Sulfate":0.720714285714286,"SumOfSpecies":4.462617208791208},{"Season":"Q4","year":"2017","Sea-salt":0.105629,"Crustal":0.309167,"OrganicCarbon":1.77642857142857,"ElementalCarbon":0.627,"Nitrate":0.994285714285714,"Sulfate":0.719259259259259,"SumOfSpecies":4.5317695449735425}],"Q1":[{"Season":"Q1","year":"2017","Sea-salt":0.003672,"Crustal":0.197808,"OrganicCarbon":1.40404761904762,"ElementalCarbon":0.395461538461538,"Nitrate":1.204,"Sulfate":0.814666666666667,"SumOfSpecies":4.019655824175825}],"Q2":[{"Season":"Q2","year":"2017","Sea-salt":0.00624,"Crustal":0.398259,"OrganicCarbon":1.38346428571429,"ElementalCarbon":0.344285714285714,"Nitrate":0.393333333333333,"Sulfate":0.772666666666667,"SumOfSpecies":3.2982490000000038}],"Annual":[{"Season":"Annual","year":"2017","Sea-salt":0.052731,"Crustal":0.30312825,"OrganicCarbon":1.6476184523809523,"ElementalCarbon":0.4603653846153845,"Nitrate":0.7280714285714285,"Sulfate":0.7803088624338624,"SumOfSpecies":3.9722233780016274}]}