{"Q4":[{"Season":"Q4","year":"2017","Sea-salt":0.012466,"Crustal":0.806595,"OrganicCarbon":0.635862068965517,"ElementalCarbon":0.130344827586207,"Nitrate":0.281827586206897,"Sulfate":0.520758620689655,"SumOfSpecies":2.3878541034482756}],"Annual":[]}