{"Q4":[{"Season":"Q4","year":"2017","Sea-salt":0.356731,"Crustal":0.659366,"OrganicCarbon":2.11914285714286,"ElementalCarbon":0.813357142857143,"Nitrate":2.10066666666667,"Sulfate":0.99,"SumOfSpecies":7.039263666666673}],"Annual":[]}