{"Q4":[{"Season":"Q4","year":"2002","Sea-salt":0.1323,"Crustal":0.529048,"OrganicCarbon":2.947015,"ElementalCarbon":0.713337,"Nitrate":3.275,"Sulfate":3,"SumOfSpecies":10.5967}],"Q1":[{"Season":"Q1","year":"2003","Sea-salt":0.276043,"Crustal":0.518652,"OrganicCarbon":3.305142,"ElementalCarbon":0.768115,"Nitrate":4.04221428571429,"Sulfate":3.75285714285714,"SumOfSpecies":12.66302342857143}],"Q2":[{"Season":"Q2","year":"2003","Sea-salt":0.01404,"Crustal":0.819788,"OrganicCarbon":2.675053,"ElementalCarbon":0.725987,"Nitrate":1.70633333333333,"Sulfate":5.232,"SumOfSpecies":11.173201333333331}],"Q3":[{"Season":"Q3","year":"2003","Sea-salt":0.024287,"Crustal":0.994047,"OrganicCarbon":3.444233,"ElementalCarbon":1.15355,"Nitrate":0.971875,"Sulfate":9.660625,"SumOfSpecies":16.248617}],"Annual":[]}