{"Q3":[{"Season":"Q3","year":"2017","Sea-salt":0.11916,"Crustal":2.60762,"OrganicCarbon":3.37758333333333,"ElementalCarbon":1.01091666666667,"Nitrate":0.379333333333333,"Sulfate":1.55533333333333,"SumOfSpecies":9.049946666666663}],"Q4":[],"Annual":[]}