{"Q2":[{"Season":"Q2","year":"2002","Sea-salt":0.028891,"Crustal":2.078058,"OrganicCarbon":1.295387,"ElementalCarbon":0.201238,"Nitrate":0.237532142857143,"Sulfate":0.597732142857143,"SumOfSpecies":4.438838285714286},{"Season":"Q2","year":"2003","Sea-salt":0.005395,"Crustal":0.654644,"OrganicCarbon":1.964196,"ElementalCarbon":0.234126,"Nitrate":0.261738,"Sulfate":0.648935333333333,"SumOfSpecies":3.769034333333333}],"Q3":[{"Season":"Q3","year":"2002","Sea-salt":0.007601,"Crustal":1.365765,"OrganicCarbon":2.254215,"ElementalCarbon":0.069604,"Nitrate":0.264825,"Sulfate":0.585547142857143,"SumOfSpecies":4.547557142857142},{"Season":"Q3","year":"2003","Sea-salt":0.005476,"Crustal":0.780108,"OrganicCarbon":4.39767,"ElementalCarbon":0.270797,"Nitrate":0.26473,"Sulfate":0.598114666666667,"SumOfSpecies":6.316895666666667}],"Q4":[{"Season":"Q4","year":"2002","Sea-salt":0.04253,"Crustal":0.896485,"OrganicCarbon":6.4345,"ElementalCarbon":0.957958,"Nitrate":0.589514615384615,"Sulfate":0.359303076923077,"SumOfSpecies":9.280290692307691}],"Q1":[{"Season":"Q1","year":"2003","Sea-salt":0.010105,"Crustal":0.578561,"OrganicCarbon":4.104536,"ElementalCarbon":0.686983,"Nitrate":0.391913333333333,"Sulfate":0.189420666666667,"SumOfSpecies":5.961519}],"Annual":[]}