{"Q1":[{"Season":"Q1","year":"2017","Sea-salt":0.02232,"Crustal":0.280287,"OrganicCarbon":1.81158333333333,"ElementalCarbon":0.53475,"Nitrate":2.23733333333333,"Sulfate":0.968666666666667,"SumOfSpecies":5.854940333333326}],"Q2":[{"Season":"Q2","year":"2017","Sea-salt":0.247771,"Crustal":0.262719,"OrganicCarbon":1.67927272727273,"ElementalCarbon":0.363909090909091,"Nitrate":0.697333333333333,"Sulfate":0.841333333333333,"SumOfSpecies":4.0923384848484865}],"Q3":[{"Season":"Q3","year":"2017","Sea-salt":0.00636,"Crustal":0.340865,"OrganicCarbon":2.52866666666667,"ElementalCarbon":0.680333333333333,"Nitrate":0.686666666666667,"Sulfate":1.11266666666667,"SumOfSpecies":5.355558333333341}],"Q4":[{"Season":"Q4","year":"2017","Sea-salt":0.338659,"Crustal":0.394548,"OrganicCarbon":2.35721428571429,"ElementalCarbon":0.932142857142857,"Nitrate":2.32230769230769,"Sulfate":1.08153846153846,"SumOfSpecies":7.426410296703296}],"Annual":[{"Season":"Annual","year":"2017","Sea-salt":0.15377749999999998,"Crustal":0.31960475,"OrganicCarbon":2.094184253246755,"ElementalCarbon":0.6277838203463203,"Nitrate":1.4859102564102549,"Sulfate":1.0010512820512825,"SumOfSpecies":5.682311862054612}]}