{"Q3":[{"Season":"Q3","year":"2006","Sea-salt":0.081283,"Crustal":0.565892,"OrganicCarbon":2.77269,"ElementalCarbon":0.737987,"Nitrate":1.03828571428571,"Sulfate":5.79421428571429,"SumOfSpecies":10.990352}],"Q4":[{"Season":"Q4","year":"2006","Sea-salt":0.104692,"Crustal":0.309807,"OrganicCarbon":2.054765,"ElementalCarbon":0.947339,"Nitrate":2.139625,"Sulfate":2.90875,"SumOfSpecies":8.464978}],"Q1":[{"Season":"Q1","year":"2007","Sea-salt":0.200964,"Crustal":0.326812,"OrganicCarbon":2.34375,"ElementalCarbon":0.897589,"Nitrate":4.17366666666667,"Sulfate":3.226,"SumOfSpecies":11.168781666666671}],"Annual":[]}