{"Q3":[{"Season":"Q3","year":"2001","Sea-salt":0.000164,"Crustal":0.513722,"OrganicCarbon":2.340655,"ElementalCarbon":0.413674,"Nitrate":0.706333333333333,"Sulfate":5.10030303030303,"SumOfSpecies":9.074851363636363}],"Annual":[]}