{"Q2":[{"Season":"Q2","year":"2017","Sea-salt":0.057318,"Crustal":0.384547,"OrganicCarbon":2.5259,"ElementalCarbon":1.19516666666667,"Nitrate":0.203225806451613,"Sulfate":1.00548387096774,"SumOfSpecies":5.371641344086022}],"Q3":[{"Season":"Q3","year":"2016","Sea-salt":0.001366,"Crustal":0.522052,"OrganicCarbon":2.20851612903226,"ElementalCarbon":0.96258064516129,"Nitrate":0.203448275862069,"Sulfate":1.45896551724138,"SumOfSpecies":5.356928567296999},{"Season":"Q3","year":"2017","Sea-salt":0.075019,"Crustal":0.371357,"OrganicCarbon":2.71866666666667,"ElementalCarbon":1.42736666666667,"Nitrate":0.138,"Sulfate":1.23266666666667,"SumOfSpecies":5.96307600000001}],"Q4":[{"Season":"Q4","year":"2016","Sea-salt":0.002731,"Crustal":0.501637,"OrganicCarbon":2.49055172413793,"ElementalCarbon":1.14589655172414,"Nitrate":0.596551724137931,"Sulfate":1.16655172413793,"SumOfSpecies":5.903919724137931},{"Season":"Q4","year":"2017","Sea-salt":0.003716,"Crustal":0.44959,"OrganicCarbon":2.15790322580645,"ElementalCarbon":1.23196774193548,"Nitrate":0.599032258064516,"Sulfate":0.959354838709677,"SumOfSpecies":5.401564064516123}],"Q1":[{"Season":"Q1","year":"2017","Sea-salt":0.168116,"Crustal":0.413138,"OrganicCarbon":1.81783333333333,"ElementalCarbon":0.974766666666667,"Nitrate":0.801071428571428,"Sulfate":1.05642857142857,"SumOfSpecies":5.231353999999995}],"Annual":[{"Season":"Annual","year":"2017","Sea-salt":0.07604224999999999,"Crustal":0.40465799999999996,"OrganicCarbon":2.3050758064516126,"ElementalCarbon":1.2073169354838718,"Nitrate":0.4353323732718893,"Sulfate":1.0634834869431642,"SumOfSpecies":5.491908852150537}]}