{"Q4":[{"Season":"Q4","year":"2016","Sea-salt":0.00216,"Crustal":0.126851,"OrganicCarbon":0.521538461538462,"ElementalCarbon":0.115384615384615,"Nitrate":1.66818181818182,"Sulfate":0.820454545454545,"SumOfSpecies":3.254570440559442},{"Season":"Q4","year":"2017","Sea-salt":0.002729,"Crustal":0.127236,"OrganicCarbon":0.686206896551724,"ElementalCarbon":0.118275862068965,"Nitrate":0.858034482758621,"Sulfate":0.540965517241379,"SumOfSpecies":2.333447758620689}],"Q1":[{"Season":"Q1","year":"2017","Sea-salt":0.06498,"Crustal":0.111958,"OrganicCarbon":0.626666666666667,"ElementalCarbon":0.144,"Nitrate":1.42606666666667,"Sulfate":0.867833333333333,"SumOfSpecies":3.24150466666667}],"Q2":[{"Season":"Q2","year":"2017","Sea-salt":0.019939,"Crustal":0.192735,"OrganicCarbon":0.755806451612903,"ElementalCarbon":0.101935483870968,"Nitrate":0.262870967741935,"Sulfate":0.647645161290323,"SumOfSpecies":1.980932064516129}],"Q3":[{"Season":"Q3","year":"2017","Sea-salt":0.001929,"Crustal":0.170508,"OrganicCarbon":1.74965517241379,"ElementalCarbon":0.193448275862069,"Nitrate":0.150103448275862,"Sulfate":0.765241379310345,"SumOfSpecies":3.0308852758620657}],"Annual":[{"Season":"Annual","year":"2017","Sea-salt":0.022394249999999997,"Crustal":0.15060925,"OrganicCarbon":0.954583796811271,"ElementalCarbon":0.1394149054505005,"Nitrate":0.674268891360772,"Sulfate":0.705421347793845,"SumOfSpecies":2.6466924414163886}]}