{"Q2":[{"Season":"Q2","year":"2016","Sea-salt":0.905657,"Crustal":2.079531,"OrganicCarbon":3.74,"ElementalCarbon":0.753333333333333,"Nitrate":0.764166666666667,"Sulfate":1.30428571428571,"SumOfSpecies":9.54697371428571},{"Season":"Q2","year":"2017","Sea-salt":0.392962,"Crustal":1.915392,"OrganicCarbon":2.6125,"ElementalCarbon":0.759375,"Nitrate":0.573125,"Sulfate":0.971875,"SumOfSpecies":7.225229000000001}],"Q3":[{"Season":"Q3","year":"2016","Sea-salt":0.672638,"Crustal":2.88988,"OrganicCarbon":2.90625,"ElementalCarbon":0.66875,"Nitrate":0.64,"Sulfate":1.319375,"SumOfSpecies":9.096893},{"Season":"Q3","year":"2017","Sea-salt":0.37092,"Crustal":1.776984,"OrganicCarbon":3.54,"ElementalCarbon":0.82,"Nitrate":0.69,"Sulfate":1.74666666666667,"SumOfSpecies":8.94457066666667}],"Q4":[{"Season":"Q4","year":"2016","Sea-salt":1.52064,"Crustal":3.378998,"OrganicCarbon":8.44210526315789,"ElementalCarbon":1.72631578947368,"Nitrate":1.8925,"Sulfate":0.982,"SumOfSpecies":17.942559052631573},{"Season":"Q4","year":"2017","Sea-salt":2.19852,"Crustal":4.043827,"OrganicCarbon":10.05,"ElementalCarbon":1.6375,"Nitrate":1.73933333333333,"Sulfate":0.812666666666667,"SumOfSpecies":20.481847}],"Q1":[{"Season":"Q1","year":"2017","Sea-salt":0.65052,"Crustal":1.801887,"OrganicCarbon":4.39333333333333,"ElementalCarbon":1.43333333333333,"Nitrate":1.40866666666667,"Sulfate":0.710666666666667,"SumOfSpecies":10.398406999999997}],"Annual":[{"Season":"Annual","year":"2017","Sea-salt":0.9032304999999999,"Crustal":2.3845225,"OrganicCarbon":5.148958333333333,"ElementalCarbon":1.1625520833333325,"Nitrate":1.10278125,"Sulfate":1.060468750000001,"SumOfSpecies":11.762513416666668}]}