{"Q2":[{"Season":"Q2","year":"2003","Sea-salt":0.10554,"Crustal":3.724827,"OrganicCarbon":2.41462,"ElementalCarbon":0.611294,"Nitrate":0.494166666666667,"Sulfate":1.6075,"SumOfSpecies":8.957947666666666},{"Season":"Q2","year":"2004","Sea-salt":0.141444,"Crustal":2.761698,"OrganicCarbon":2.274825,"ElementalCarbon":0.868749,"Nitrate":0.508286666666667,"Sulfate":1.23833333333333,"SumOfSpecies":7.7933359999999965}],"Q3":[{"Season":"Q3","year":"2003","Sea-salt":0.113901,"Crustal":2.710358,"OrganicCarbon":2.423928,"ElementalCarbon":0.724854,"Nitrate":0.5575,"Sulfate":1.7425,"SumOfSpecies":8.273041}],"Q4":[{"Season":"Q4","year":"2003","Sea-salt":0.149844,"Crustal":2.445248,"OrganicCarbon":5.385137,"ElementalCarbon":1.801744,"Nitrate":1.32926666666667,"Sulfate":0.921333333333333,"SumOfSpecies":12.032573000000003}],"Q1":[{"Season":"Q1","year":"2004","Sea-salt":0.059952,"Crustal":1.701617,"OrganicCarbon":3.383996,"ElementalCarbon":1.52199,"Nitrate":1.70626666666667,"Sulfate":0.881066666666667,"SumOfSpecies":9.254888333333337}],"Annual":[]}