{"Q3":[{"Season":"Q3","year":"2020","Sea-salt":0.026332,"Crustal":1.300653,"OrganicCarbon":5.70681818181818,"ElementalCarbon":0.682727272727273,"Nitrate":0.511318181818182,"Sulfate":0.551,"SumOfSpecies":8.778848636363636}],"Q4":[{"Season":"Q4","year":"2020","Sea-salt":0.005815,"Crustal":1.098955,"OrganicCarbon":2.305,"ElementalCarbon":0.466428571428571,"Nitrate":1.02610714285714,"Sulfate":0.349392857142857,"SumOfSpecies":5.251698571428569}],"Annual":[]}