{"Q2":[{"Season":"Q2","year":"2000","Sea-salt":0.057118,"Crustal":1.032919,"OrganicCarbon":1.103659,"ElementalCarbon":0.854637,"Nitrate":2.40073076923077,"Sulfate":3.46986923076923,"SumOfSpecies":8.918933}],"Q3":[{"Season":"Q3","year":"2000","Sea-salt":0.028394,"Crustal":0.676305,"OrganicCarbon":1.467885,"ElementalCarbon":0.867795,"Nitrate":1.35323333333333,"Sulfate":4.48886666666667,"SumOfSpecies":8.882479}],"Annual":[]}