{"Q3":[{"Season":"Q3","year":"2019","Sea-salt":0.002362,"Crustal":0.740413,"OrganicCarbon":2.5905,"ElementalCarbon":0.7706875,"Nitrate":0.370625,"Sulfate":1.931875,"SumOfSpecies":6.4064625},{"Season":"Q3","year":"2020","Sea-salt":0.069864,"Crustal":0.749111,"OrganicCarbon":2.4986875,"ElementalCarbon":0.6875,"Nitrate":0.365,"Sulfate":1.721875,"SumOfSpecies":6.0920375}],"Q4":[{"Season":"Q4","year":"2019","Sea-salt":0.01284,"Crustal":0.57798,"OrganicCarbon":2.4078,"ElementalCarbon":0.8752,"Nitrate":1.522,"Sulfate":0.929333333333333,"SumOfSpecies":6.325153333333333},{"Season":"Q4","year":"2020","Sea-salt":0.01152,"Crustal":0.426893,"OrganicCarbon":2.26226666666667,"ElementalCarbon":0.8214,"Nitrate":1.56333333333333,"Sulfate":0.954,"SumOfSpecies":6.039413000000001}],"Q1":[{"Season":"Q1","year":"2020","Sea-salt":0.115354,"Crustal":0.427069,"OrganicCarbon":1.757,"ElementalCarbon":0.593642857142857,"Nitrate":1.86142857142857,"Sulfate":1.085,"SumOfSpecies":5.839494428571427}],"Q2":[{"Season":"Q2","year":"2020","Sea-salt":0.005262,"Crustal":0.653575,"OrganicCarbon":1.96557142857143,"ElementalCarbon":0.650642857142857,"Nitrate":0.560769230769231,"Sulfate":1.12615384615385,"SumOfSpecies":4.961974362637369}],"Annual":[{"Season":"Annual","year":"2020","Sea-salt":0.050499999999999996,"Crustal":0.564162,"OrganicCarbon":2.120881398809525,"ElementalCarbon":0.6882964285714285,"Nitrate":1.0876327838827828,"Sulfate":1.2217572115384625,"SumOfSpecies":5.7332298228021985}]}