{"Q3":[{"Season":"Q3","year":"2019","Sea-salt":0.067695,"Crustal":0.740413,"OrganicCarbon":2.5905,"ElementalCarbon":0.7706875,"Nitrate":0.370625,"Sulfate":1.931875,"SumOfSpecies":6.471795500000001},{"Season":"Q3","year":"2020","Sea-salt":0.069864,"Crustal":0.749111,"OrganicCarbon":2.3213125,"ElementalCarbon":0.6875,"Nitrate":0.365,"Sulfate":1.721875,"SumOfSpecies":5.9146624999999995}],"Q4":[{"Season":"Q4","year":"2019","Sea-salt":0.12824,"Crustal":0.57798,"OrganicCarbon":2.231,"ElementalCarbon":0.8752,"Nitrate":1.522,"Sulfate":0.929333333333333,"SumOfSpecies":6.263753333333333},{"Season":"Q4","year":"2020","Sea-salt":0.089926,"Crustal":0.426893,"OrganicCarbon":2.26226666666667,"ElementalCarbon":0.8214,"Nitrate":1.56333333333333,"Sulfate":0.954,"SumOfSpecies":6.117819}],"Q1":[{"Season":"Q1","year":"2020","Sea-salt":0.115354,"Crustal":0.427069,"OrganicCarbon":1.60092857142857,"ElementalCarbon":0.593642857142857,"Nitrate":1.86142857142857,"Sulfate":1.085,"SumOfSpecies":5.683422999999997}],"Q2":[{"Season":"Q2","year":"2020","Sea-salt":0.114217,"Crustal":0.653575,"OrganicCarbon":1.96557142857143,"ElementalCarbon":0.650642857142857,"Nitrate":0.560769230769231,"Sulfate":1.12615384615385,"SumOfSpecies":5.070929362637369}],"Annual":[{"Season":"Annual","year":"2020","Sea-salt":0.09734025,"Crustal":0.564162,"OrganicCarbon":2.0375197916666674,"ElementalCarbon":0.6882964285714285,"Nitrate":1.0876327838827828,"Sulfate":1.2217572115384625,"SumOfSpecies":5.696708465659341}]}