{"Q1":[{"Season":"Q1","year":"2020","Sea-salt":0.096729,"Crustal":0.565944,"OrganicCarbon":1.72646666666667,"ElementalCarbon":0.9026,"Nitrate":0.746071428571428,"Sulfate":0.264642857142857,"SumOfSpecies":4.302453952380955}],"Q2":[{"Season":"Q2","year":"2020","Sea-salt":0.05293,"Crustal":0.646194,"OrganicCarbon":1.0965,"ElementalCarbon":0.345533333333333,"Nitrate":0.242,"Sulfate":0.417,"SumOfSpecies":2.800157333333333}],"Q3":[{"Season":"Q3","year":"2020","Sea-salt":0.069939,"Crustal":0.919003,"OrganicCarbon":8.51058064516129,"ElementalCarbon":3.43861290322581,"Nitrate":0.617096774193548,"Sulfate":0.778709677419355,"SumOfSpecies":14.333942000000004}],"Q4":[{"Season":"Q4","year":"2020","Sea-salt":0.132177,"Crustal":0.725891,"OrganicCarbon":2.61216666666667,"ElementalCarbon":1.45386666666667,"Nitrate":0.914827586206897,"Sulfate":0.245172413793103,"SumOfSpecies":6.08410133333334}],"Annual":[{"Season":"Annual","year":"2020","Sea-salt":0.08794374999999999,"Crustal":0.714258,"OrganicCarbon":3.4864284946236577,"ElementalCarbon":1.5351532258064533,"Nitrate":0.6299989472429682,"Sulfate":0.4263812370888288,"SumOfSpecies":6.880163654761908}]}