{"Q4":[{"Season":"Q4","year":"2007","Sea-salt":0.054372,"Crustal":0.74384,"OrganicCarbon":3.339398,"ElementalCarbon":1.328757,"Nitrate":2.8264,"Sulfate":3.80333333333333,"SumOfSpecies":12.096100333333329}],"Q1":[{"Season":"Q1","year":"2008","Sea-salt":0.271991,"Crustal":0.524726,"OrganicCarbon":2.649352,"ElementalCarbon":0.986545,"Nitrate":2.860125,"Sulfate":3.478125,"SumOfSpecies":10.770864}],"Q2":[{"Season":"Q2","year":"2008","Sea-salt":0.021,"Crustal":0.934673,"OrganicCarbon":2.445111,"ElementalCarbon":0.94085,"Nitrate":0.923466666666667,"Sulfate":3.86133333333333,"SumOfSpecies":9.126433999999996}],"Annual":[]}