{"Q4":[{"Season":"Q4","year":"2019","Sea-salt":0.002733,"Crustal":0.542018,"OrganicCarbon":1.03111111111111,"ElementalCarbon":0.252592592592592,"Nitrate":0.974925925925926,"Sulfate":0.704333333333333,"SumOfSpecies":3.5077139629629612},{"Season":"Q4","year":"2020","Sea-salt":0.081059,"Crustal":0.823629,"OrganicCarbon":1.199,"ElementalCarbon":0.246,"Nitrate":0.830433333333333,"Sulfate":0.669166666666667,"SumOfSpecies":3.849288}],"Q1":[{"Season":"Q1","year":"2020","Sea-salt":0.038354,"Crustal":0.345156,"OrganicCarbon":0.827407407407407,"ElementalCarbon":0.198888888888889,"Nitrate":1.13388888888889,"Sulfate":0.706740740740741,"SumOfSpecies":3.250435925925927}],"Q2":[{"Season":"Q2","year":"2020","Sea-salt":0.001714,"Crustal":1.033401,"OrganicCarbon":1.0955,"ElementalCarbon":0.182,"Nitrate":0.263047619047619,"Sulfate":0.883238095238095,"SumOfSpecies":3.458900714285714}],"Q3":[{"Season":"Q3","year":"2020","Sea-salt":0.070775,"Crustal":2.049821,"OrganicCarbon":1.72071428571429,"ElementalCarbon":0.236071428571429,"Nitrate":0.279428571428571,"Sulfate":1.18389285714286,"SumOfSpecies":5.540703142857151}],"Annual":[{"Season":"Annual","year":"2020","Sea-salt":0.047975500000000004,"Crustal":1.0630017500000002,"OrganicCarbon":1.2106554232804243,"ElementalCarbon":0.2157400793650795,"Nitrate":0.6266996031746033,"Sulfate":0.8607595899470907,"SumOfSpecies":4.024831945767199}]}