{"Q1":[{"Season":"Q1","year":"2000","Sea-salt":0.000314,"Crustal":0.446925,"OrganicCarbon":0.624,"ElementalCarbon":0.2188,"Nitrate":0.5503,"Sulfate":0.466421052631579,"SumOfSpecies":2.3067600526315792},{"Season":"Q1","year":"2001","Sea-salt":0,"Crustal":0.482516,"OrganicCarbon":0.633181818181818,"ElementalCarbon":0.308181818181818,"Nitrate":1.49480454545455,"Sulfate":1.10317727272727,"SumOfSpecies":4.021861454545456}],"Q2":[{"Season":"Q2","year":"2000","Sea-salt":0,"Crustal":1.495167,"OrganicCarbon":1.33192307692308,"ElementalCarbon":0.321923076923077,"Nitrate":0.287388461538462,"Sulfate":0.696684615384615,"SumOfSpecies":4.133086230769234},{"Season":"Q2","year":"2001","Sea-salt":0,"Crustal":2.162709,"OrganicCarbon":0.956206896551724,"ElementalCarbon":0.236896551724138,"Nitrate":0.360089655172414,"Sulfate":0.785427586206897,"SumOfSpecies":4.501329689655173}],"Q4":[{"Season":"Q4","year":"2000","Sea-salt":0.000273,"Crustal":0.514159,"OrganicCarbon":0.711333333333333,"ElementalCarbon":0.3,"Nitrate":1.27489666666667,"Sulfate":0.801813333333333,"SumOfSpecies":3.6024753333333357}],"Q3":[{"Season":"Q3","year":"2001","Sea-salt":0,"Crustal":1.560027,"OrganicCarbon":1.688,"ElementalCarbon":0.352666666666667,"Nitrate":0.2251,"Sulfate":0.938053333333333,"SumOfSpecies":4.763847}],"Annual":[]}