{"Q4":[{"Season":"Q4","year":"2019","Sea-salt":0.190286,"Crustal":0.257354,"OrganicCarbon":1.65389285714286,"ElementalCarbon":0.6765,"Nitrate":3.026,"Sulfate":0.882666666666667,"SumOfSpecies":6.686699523809526},{"Season":"Q4","year":"2020","Sea-salt":0.151877,"Crustal":0.378872,"OrganicCarbon":1.86593333333333,"ElementalCarbon":0.585466666666667,"Nitrate":1.601,"Sulfate":0.730333333333333,"SumOfSpecies":5.31348233333333}],"Q1":[{"Season":"Q1","year":"2020","Sea-salt":0.273166,"Crustal":0.212891,"OrganicCarbon":1.231,"ElementalCarbon":0.449458333333333,"Nitrate":2.90913043478261,"Sulfate":0.841304347826087,"SumOfSpecies":5.91695011594203}],"Annual":[]}