{"Q4":[{"Season":"Q4","year":"2019","Sea-salt":0.01878,"Crustal":0.257354,"OrganicCarbon":1.65389285714286,"ElementalCarbon":0.676464285714286,"Nitrate":3.026,"Sulfate":0.882666666666667,"SumOfSpecies":6.515157809523813},{"Season":"Q4","year":"2020","Sea-salt":0.01194,"Crustal":0.378872,"OrganicCarbon":1.86593333333333,"ElementalCarbon":0.585466666666667,"Nitrate":1.601,"Sulfate":0.730333333333333,"SumOfSpecies":5.1735453333333306}],"Q1":[{"Season":"Q1","year":"2020","Sea-salt":0.0741,"Crustal":0.212891,"OrganicCarbon":1.231,"ElementalCarbon":0.449458333333333,"Nitrate":2.90913043478261,"Sulfate":0.841304347826087,"SumOfSpecies":5.717884115942031}],"Annual":[]}