{"Q2":[{"Season":"Q2","year":"2016","Sea-salt":0.864707,"Crustal":2.537516,"OrganicCarbon":0.656173913043478,"ElementalCarbon":0.361521739130435,"Nitrate":0.295714285714286,"Sulfate":0.850357142857143,"SumOfSpecies":5.565990080745342},{"Season":"Q2","year":"2017","Sea-salt":1.393296,"Crustal":3.452596,"OrganicCarbon":0.746882352941176,"ElementalCarbon":0.444470588235294,"Nitrate":0.300357142857143,"Sulfate":0.877857142857143,"SumOfSpecies":7.215459226890756},{"Season":"Q2","year":"2018","Sea-salt":1.406402,"Crustal":2.534489,"OrganicCarbon":0.932636363636364,"ElementalCarbon":0.668181818181818,"Nitrate":0.323,"Sulfate":0.717666666666667,"SumOfSpecies":6.582375848484849}],"Q3":[{"Season":"Q3","year":"2016","Sea-salt":1.113686,"Crustal":3.980608,"OrganicCarbon":0.67572,"ElementalCarbon":0.39188,"Nitrate":0.213214285714286,"Sulfate":0.970357142857143,"SumOfSpecies":7.345465428571429}],"Q4":[{"Season":"Q4","year":"2016","Sea-salt":0.928428,"Crustal":1.141353,"OrganicCarbon":0.752,"ElementalCarbon":0.514724137931034,"Nitrate":0.201034482758621,"Sulfate":0.666206896551724,"SumOfSpecies":4.203746517241378}],"Q1":[{"Season":"Q1","year":"2017","Sea-salt":1.56978,"Crustal":0.810209,"OrganicCarbon":0.5997,"ElementalCarbon":0.3967,"Nitrate":0.258275862068966,"Sulfate":0.667586206896552,"SumOfSpecies":4.302251068965519}],"Annual":[]}