{"Q4":[{"Season":"Q4","year":"2013","Sea-salt":0.25071,"Crustal":0.112512,"OrganicCarbon":22.065,"ElementalCarbon":5.21994444444444,"Nitrate":0.686444444444444,"Sulfate":2.84816666666667,"SumOfSpecies":31.182777555555557},{"Season":"Q4","year":"2019","Sea-salt":0.019117,"Crustal":0.268626,"OrganicCarbon":6.54841379310345,"ElementalCarbon":1.76165517241379,"Nitrate":0.275172413793103,"Sulfate":0.918620689655172,"SumOfSpecies":9.791605068965515}],"Q1":[{"Season":"Q1","year":"2014","Sea-salt":0.180936,"Crustal":0.137128,"OrganicCarbon":20.3726666666667,"ElementalCarbon":3.69326666666667,"Nitrate":0.7946,"Sulfate":2.44226666666667,"SumOfSpecies":27.620864000000036}],"Q3":[{"Season":"Q3","year":"2019","Sea-salt":0.004832,"Crustal":0.903618,"OrganicCarbon":2.1928,"ElementalCarbon":0.54405,"Nitrate":0.0394736842105263,"Sulfate":0.363157894736842,"SumOfSpecies":4.047931578947368}],"Annual":[]}