{"Q1":[{"Season":"Q1","year":"2019","Sea-salt":0.245253,"Crustal":0.136082,"OrganicCarbon":0.141111111111111,"ElementalCarbon":0.0303703703703704,"Nitrate":0.08776,"Sulfate":0.31508,"SumOfSpecies":0.9556564814814814}],"Q2":[{"Season":"Q2","year":"2019","Sea-salt":0.005464,"Crustal":0.374435,"OrganicCarbon":0.451428571428571,"ElementalCarbon":0.0575,"Nitrate":0.0645357142857143,"Sulfate":0.348035714285714,"SumOfSpecies":1.3013989999999993}],"Q3":[{"Season":"Q3","year":"2019","Sea-salt":0.038059,"Crustal":0.046085,"OrganicCarbon":0.740967741935484,"ElementalCarbon":0.0706451612903226,"Nitrate":0.0284193548387097,"Sulfate":0.270774193548387,"SumOfSpecies":1.1949504516129033}],"Q4":[{"Season":"Q4","year":"2019","Sea-salt":0.079353,"Crustal":0.6401,"OrganicCarbon":0.1225,"ElementalCarbon":0.0189285714285714,"Nitrate":0.0293571428571429,"Sulfate":0.175714285714286,"SumOfSpecies":1.0659530000000002}],"Annual":[{"Season":"Annual","year":"2019","Sea-salt":0.09203225000000001,"Crustal":0.29917550000000004,"OrganicCarbon":0.36400185611879154,"ElementalCarbon":0.0443610257723161,"Nitrate":0.05251805299539172,"Sulfate":0.2774010483870967,"SumOfSpecies":1.1294897332735963}]}