{"Q2":[{"Season":"Q2","year":"2003","Sea-salt":0.061452,"Crustal":1.033664,"OrganicCarbon":2.936852,"ElementalCarbon":0.438302,"Nitrate":0.691333333333333,"Sulfate":5.67866666666667,"SumOfSpecies":10.840270000000004},{"Season":"Q2","year":"2004","Sea-salt":0.046848,"Crustal":0.761352,"OrganicCarbon":2.12233,"ElementalCarbon":0.402714,"Nitrate":0.460533333333333,"Sulfate":4.37733333333333,"SumOfSpecies":8.171110666666664}],"Q3":[{"Season":"Q3","year":"2002","Sea-salt":0.02385,"Crustal":1.455383,"OrganicCarbon":3.401283,"ElementalCarbon":0.388274,"Nitrate":0.436875,"Sulfate":5.5991875,"SumOfSpecies":11.304852499999999},{"Season":"Q3","year":"2003","Sea-salt":0.0513,"Crustal":0.804666,"OrganicCarbon":2.252236,"ElementalCarbon":0.485889,"Nitrate":0.4294,"Sulfate":4.21866666666667,"SumOfSpecies":8.242157666666671},{"Season":"Q3","year":"2004","Sea-salt":0.016213,"Crustal":0.73128,"OrganicCarbon":2.886017,"ElementalCarbon":0.591268,"Nitrate":0.319,"Sulfate":5.22142857142857,"SumOfSpecies":9.76520657142857}],"Q4":[{"Season":"Q4","year":"2002","Sea-salt":0.031757,"Crustal":0.439043,"OrganicCarbon":3.354167,"ElementalCarbon":0.633697,"Nitrate":0.734285714285714,"Sulfate":4.14071428571429,"SumOfSpecies":9.333664000000002}],"Q1":[{"Season":"Q1","year":"2003","Sea-salt":0.037183,"Crustal":0.643089,"OrganicCarbon":3.650563,"ElementalCarbon":0.622882,"Nitrate":0.913846153846154,"Sulfate":4.55384615384615,"SumOfSpecies":10.421409307692304}],"Annual":[]}