{"Q1":[{"Season":"Q1","year":"2011","Sea-salt":0.047847,"Crustal":0.446792,"OrganicCarbon":2.97483333333333,"ElementalCarbon":0.670916666666667,"Nitrate":2.12527272727273,"Sulfate":2.63245454545455,"SumOfSpecies":8.898116272727277}],"Annual":[]}