{"Q3":[{"Season":"Q3","year":"2019","Sea-salt":0.002362,"Crustal":0.740413,"OrganicCarbon":2.776,"ElementalCarbon":0.7706875,"Nitrate":0.370625,"Sulfate":1.931875,"SumOfSpecies":6.591962499999999}],"Q4":[{"Season":"Q4","year":"2019","Sea-salt":0.12824,"Crustal":0.59126,"OrganicCarbon":2.4078,"ElementalCarbon":0.875066666666667,"Nitrate":1.522,"Sulfate":0.929333333333333,"SumOfSpecies":6.4537}],"Annual":[]}