{"Q3":[{"Season":"Q3","year":"2001","Sea-salt":0,"Crustal":0.506742,"OrganicCarbon":2.758439,"ElementalCarbon":0.375996,"Nitrate":0.748724137931034,"Sulfate":5.04965517241379,"SumOfSpecies":9.439556310344823}],"Annual":[]}