{"Q3":[{"Season":"Q3","year":"2017","Sea-salt":0.11916,"Crustal":2.60762,"OrganicCarbon":3.26933333333333,"ElementalCarbon":1.01091666666667,"Nitrate":0.379333333333333,"Sulfate":1.55533333333333,"SumOfSpecies":8.941696666666664},{"Season":"Q3","year":"2018","Sea-salt":0.11844,"Crustal":2.367445,"OrganicCarbon":2.92254545454545,"ElementalCarbon":1.09781818181818,"Nitrate":0.360625,"Sulfate":1.355,"SumOfSpecies":8.22187363636363},{"Season":"Q3","year":"2019","Sea-salt":0.048037,"Crustal":2.272372,"OrganicCarbon":2.5183125,"ElementalCarbon":1.590875,"Nitrate":0.559375,"Sulfate":1.3525,"SumOfSpecies":8.3414715}],"Q4":[{"Season":"Q4","year":"2019","Sea-salt":0.285568,"Crustal":1.658502,"OrganicCarbon":1.6018,"ElementalCarbon":1.1328,"Nitrate":1.83333333333333,"Sulfate":1.11,"SumOfSpecies":7.622003333333331}],"Q1":[{"Season":"Q1","year":"2018","Sea-salt":0.1428,"Crustal":1.463465,"OrganicCarbon":1.61453333333333,"ElementalCarbon":0.488933333333333,"Nitrate":2.098,"Sulfate":1.06533333333333,"SumOfSpecies":6.873064999999992}],"Q2":[{"Season":"Q2","year":"2018","Sea-salt":0.297565,"Crustal":2.211815,"OrganicCarbon":2.37873333333333,"ElementalCarbon":0.816133333333333,"Nitrate":1.53,"Sulfate":1.38769230769231,"SumOfSpecies":8.621938974358972},{"Season":"Q2","year":"2019","Sea-salt":0.03456,"Crustal":1.635366,"OrganicCarbon":2.3304,"ElementalCarbon":1.37266666666667,"Nitrate":0.940666666666667,"Sulfate":1.01466666666667,"SumOfSpecies":7.328326000000008}],"Annual":[]}