{"Q4":[{"Season":"Q4","year":"2019","Sea-salt":0.002733,"Crustal":0.542018,"OrganicCarbon":1.03111111111111,"ElementalCarbon":0.252592592592592,"Nitrate":0.974925925925926,"Sulfate":0.704333333333333,"SumOfSpecies":3.5077139629629612}],"Annual":[]}