{"Q1":[{"Season":"Q1","year":"2019","Sea-salt":0.375861,"Crustal":0.292286,"OrganicCarbon":1.05706666666667,"ElementalCarbon":0.704583333333333,"Nitrate":9.85785714285714,"Sulfate":0.711428571428571,"SumOfSpecies":12.999082714285715}],"Q2":[{"Season":"Q2","year":"2019","Sea-salt":0.081782,"Crustal":0.526193,"OrganicCarbon":0.723230769230769,"ElementalCarbon":0.157153846153846,"Nitrate":0.255333333333333,"Sulfate":0.344666666666667,"SumOfSpecies":2.088359615384615}],"Q3":[{"Season":"Q3","year":"2019","Sea-salt":0.062544,"Crustal":1.799038,"OrganicCarbon":1.56625,"ElementalCarbon":0.3365625,"Nitrate":0.35875,"Sulfate":0.501875,"SumOfSpecies":4.6250195}],"Q4":[{"Season":"Q4","year":"2019","Sea-salt":0.117129,"Crustal":0.267169,"OrganicCarbon":1.40285714285714,"ElementalCarbon":0.527,"Nitrate":4.43071428571429,"Sulfate":0.418571428571429,"SumOfSpecies":7.1634408571428585}],"Annual":[{"Season":"Annual","year":"2019","Sea-salt":0.15932900000000003,"Crustal":0.7211715,"OrganicCarbon":1.1873511446886447,"ElementalCarbon":0.4313249198717948,"Nitrate":3.725663690476191,"Sulfate":0.4941354166666667,"SumOfSpecies":6.718975671703297}]}