{"Q4":[{"Season":"Q4","year":"2018","Sea-salt":0.002012,"Crustal":0.172464,"OrganicCarbon":0.833125,"ElementalCarbon":0.1775,"Nitrate":1.24241176470588,"Sulfate":0.254235294117647,"SumOfSpecies":2.681748058823527},{"Season":"Q4","year":"2019","Sea-salt":0.002492,"Crustal":0.298393,"OrganicCarbon":0.975,"ElementalCarbon":0.172692307692308,"Nitrate":0.868692307692308,"Sulfate":0.294615384615385,"SumOfSpecies":2.611885000000001}],"Q1":[{"Season":"Q1","year":"2019","Sea-salt":0.076247,"Crustal":0.150442,"OrganicCarbon":1.03620689655172,"ElementalCarbon":0.243448275862069,"Nitrate":2.59434482758621,"Sulfate":0.594586206896552,"SumOfSpecies":4.695275206896551}],"Q2":[{"Season":"Q2","year":"2019","Sea-salt":0.001993,"Crustal":0.547537,"OrganicCarbon":0.604827586206897,"ElementalCarbon":0.0796551724137931,"Nitrate":0.124448275862069,"Sulfate":0.32751724137931,"SumOfSpecies":1.6859782758620692}],"Q3":[{"Season":"Q3","year":"2019","Sea-salt":0.024193,"Crustal":0.644081,"OrganicCarbon":1.05923076923077,"ElementalCarbon":0.136923076923077,"Nitrate":0.0908928571428571,"Sulfate":0.46575,"SumOfSpecies":2.4210707032967043}],"Annual":[{"Season":"Annual","year":"2019","Sea-salt":0.026231249999999998,"Crustal":0.41011325,"OrganicCarbon":0.9188163129973468,"ElementalCarbon":0.15817970822281177,"Nitrate":0.919594567070861,"Sulfate":0.42061720822281173,"SumOfSpecies":2.8535522965138314}]}