{"Q4":[{"Season":"Q4","year":"2001","Sea-salt":0.220423,"Crustal":0.280284,"OrganicCarbon":2.21976,"ElementalCarbon":0.782793,"Nitrate":1.08642857142857,"Sulfate":0.852428571428571,"SumOfSpecies":5.442117142857141},{"Season":"Q4","year":"2002","Sea-salt":0.145633,"Crustal":0.28411,"OrganicCarbon":3.284663,"ElementalCarbon":0.751892,"Nitrate":1.57071428571429,"Sulfate":1.31335714285714,"SumOfSpecies":7.3503694285714305}],"Q1":[{"Season":"Q1","year":"2002","Sea-salt":0.286239,"Crustal":0.343141,"OrganicCarbon":1.474452,"ElementalCarbon":0.415074,"Nitrate":0.954285714285714,"Sulfate":0.910714285714286,"SumOfSpecies":4.383906}],"Q2":[{"Season":"Q2","year":"2002","Sea-salt":0.12762,"Crustal":0.572164,"OrganicCarbon":1.241737,"ElementalCarbon":0.418165,"Nitrate":0.845,"Sulfate":1.28357142857143,"SumOfSpecies":4.48825742857143}],"Q3":[{"Season":"Q3","year":"2002","Sea-salt":0.068783,"Crustal":0.260607,"OrganicCarbon":1.505248,"ElementalCarbon":0.251108,"Nitrate":0.790625,"Sulfate":1.593375,"SumOfSpecies":4.469746}],"Annual":[{"Season":"Annual","year":"2002","Sea-salt":0.15706875,"Crustal":0.3650055,"OrganicCarbon":1.876525,"ElementalCarbon":0.45905975000000004,"Nitrate":1.040156250000001,"Sulfate":1.275254464285714,"SumOfSpecies":5.173069714285716}]}