{"Q4":[{"Season":"Q4","year":"2013","Sea-salt":0.137496,"Crustal":0.502541,"OrganicCarbon":6.601875,"ElementalCarbon":1.5593125,"Nitrate":1.26207142857143,"Sulfate":0.718557142857143,"SumOfSpecies":10.781853071428573}],"Q1":[{"Season":"Q1","year":"2014","Sea-salt":0.382008,"Crustal":0.610283,"OrganicCarbon":3.71714285714286,"ElementalCarbon":0.953928571428571,"Nitrate":0.8448,"Sulfate":0.6224,"SumOfSpecies":7.130562428571432}],"Q2":[{"Season":"Q2","year":"2014","Sea-salt":0.121848,"Crustal":0.270166,"OrganicCarbon":1.35606666666667,"ElementalCarbon":0.241466666666667,"Nitrate":0.4416,"Sulfate":0.671266666666667,"SumOfSpecies":3.102414000000004}],"Q3":[{"Season":"Q3","year":"2014","Sea-salt":0.259584,"Crustal":0.253356,"OrganicCarbon":1.889,"ElementalCarbon":0.327866666666667,"Nitrate":0.514,"Sulfate":1.16366666666667,"SumOfSpecies":4.407473333333337}],"Annual":[]}