{"Q4":[{"Season":"Q4","year":"2019","Sea-salt":0.190286,"Crustal":0.26748,"OrganicCarbon":1.65389285714286,"ElementalCarbon":0.6765,"Nitrate":3.026,"Sulfate":0.882666666666667,"SumOfSpecies":6.696825523809527}],"Annual":[]}