{"Q3":[{"Season":"Q3","year":"2004","Sea-salt":0.048138,"Crustal":0.107758,"OrganicCarbon":7.74033333333333,"ElementalCarbon":0.538666666666667,"Nitrate":0.193763333333333,"Sulfate":0.342596666666667,"SumOfSpecies":8.971255999999999}],"Annual":[]}