{"Q2":[{"Season":"Q2","year":"2002","Sea-salt":0.037094,"Crustal":0.33439,"OrganicCarbon":1.81739,"ElementalCarbon":0.370803,"Nitrate":0.750923076923077,"Sulfate":3.30923076923077,"SumOfSpecies":6.619830846153848},{"Season":"Q2","year":"2003","Sea-salt":0.002372,"Crustal":0.352449,"OrganicCarbon":1.098603,"ElementalCarbon":0.323236,"Nitrate":0.819941176470588,"Sulfate":2.38058823529412,"SumOfSpecies":4.977189411764709}],"Q3":[{"Season":"Q3","year":"2002","Sea-salt":0.001127,"Crustal":0.549079,"OrganicCarbon":2.434181,"ElementalCarbon":0.334632,"Nitrate":0.542913043478261,"Sulfate":3.53347826086957,"SumOfSpecies":7.3954103043478305}],"Q4":[{"Season":"Q4","year":"2002","Sea-salt":0.012357,"Crustal":0.343391,"OrganicCarbon":1.702499,"ElementalCarbon":0.720219,"Nitrate":1.32721739130435,"Sulfate":3.18869565217391,"SumOfSpecies":7.29437904347826}],"Q1":[{"Season":"Q1","year":"2003","Sea-salt":0.02175,"Crustal":0.34363,"OrganicCarbon":1.618163,"ElementalCarbon":0.577913,"Nitrate":1.72042105263158,"Sulfate":3.05421052631579,"SumOfSpecies":7.336087578947371}],"Annual":[]}