{"Q2":[{"Season":"Q2","year":"2003","Sea-salt":0.007338,"Crustal":0.519936,"OrganicCarbon":2.213697,"ElementalCarbon":0.238524,"Nitrate":3.002,"Sulfate":3.68833333333333,"SumOfSpecies":9.669828333333328},{"Season":"Q2","year":"2004","Sea-salt":0.007884,"Crustal":0.807721,"OrganicCarbon":1.600635,"ElementalCarbon":0.379178,"Nitrate":1.7022,"Sulfate":3.01006666666667,"SumOfSpecies":7.50768466666667}],"Q3":[{"Season":"Q3","year":"2003","Sea-salt":0.014455,"Crustal":0.54441,"OrganicCarbon":2.583106,"ElementalCarbon":0.426179,"Nitrate":1.7900625,"Sulfate":7.258125,"SumOfSpecies":12.6163375},{"Season":"Q3","year":"2004","Sea-salt":0.008921,"Crustal":0.484772,"OrganicCarbon":2.324637,"ElementalCarbon":0.516171,"Nitrate":1.203375,"Sulfate":4.715625,"SumOfSpecies":9.253501}],"Q4":[{"Season":"Q4","year":"2003","Sea-salt":0.025092,"Crustal":0.321723,"OrganicCarbon":1.163338,"ElementalCarbon":0.359711,"Nitrate":2.86933333333333,"Sulfate":2.576,"SumOfSpecies":7.31519733333333},{"Season":"Q4","year":"2004","Sea-salt":0.053254,"Crustal":0.298818,"OrganicCarbon":0.982003,"ElementalCarbon":0.375795,"Nitrate":3.31428571428571,"Sulfate":2.36642857142857,"SumOfSpecies":7.39058428571428}],"Q1":[{"Season":"Q1","year":"2004","Sea-salt":0.031476,"Crustal":0.325203,"OrganicCarbon":0.714457,"ElementalCarbon":0.252279,"Nitrate":4.59466666666667,"Sulfate":2.71593333333333,"SumOfSpecies":8.634015}],"Annual":[{"Season":"Annual","year":"2004","Sea-salt":0.02538375,"Crustal":0.4791285,"OrganicCarbon":1.405433,"ElementalCarbon":0.38085575000000005,"Nitrate":2.703631845238095,"Sulfate":3.2020133928571424,"SumOfSpecies":8.196446238095238}]}