{"Q2":[{"Season":"Q2","year":"2001","Sea-salt":0.00156,"Crustal":0.754904,"OrganicCarbon":1.57515,"ElementalCarbon":0.20325,"Nitrate":1.27269230769231,"Sulfate":2.53038461538462,"SumOfSpecies":6.33794092307693},{"Season":"Q2","year":"2002","Sea-salt":0.013043,"Crustal":0.664466,"OrganicCarbon":0.810247,"ElementalCarbon":0.046346,"Nitrate":1.76723076923077,"Sulfate":2.319,"SumOfSpecies":5.62033276923077}],"Q3":[{"Season":"Q3","year":"2001","Sea-salt":0.000351,"Crustal":0.691453,"OrganicCarbon":1.614048,"ElementalCarbon":0.251748,"Nitrate":0.585736842105263,"Sulfate":2.97442105263158,"SumOfSpecies":6.117757894736843},{"Season":"Q3","year":"2002","Sea-salt":0.00015,"Crustal":0.568072,"OrganicCarbon":1.755571,"ElementalCarbon":0.257867,"Nitrate":0.751909090909091,"Sulfate":4.07990909090909,"SumOfSpecies":7.413478181818181}],"Q4":[{"Season":"Q4","year":"2001","Sea-salt":0.013056,"Crustal":0.584945,"OrganicCarbon":1.137853,"ElementalCarbon":0.214786,"Nitrate":2.1444,"Sulfate":1.51633333333333,"SumOfSpecies":5.61137333333333},{"Season":"Q4","year":"2002","Sea-salt":0.072039,"Crustal":0.499528,"OrganicCarbon":1.587491,"ElementalCarbon":0.259323,"Nitrate":4.58107142857143,"Sulfate":2.26271428571429,"SumOfSpecies":9.26216671428572}],"Q1":[{"Season":"Q1","year":"2002","Sea-salt":0.015069,"Crustal":0.38684,"OrganicCarbon":0.71487,"ElementalCarbon":0.077484,"Nitrate":3.62328571428571,"Sulfate":1.82671428571429,"SumOfSpecies":6.6442630000000005}],"Annual":[{"Season":"Annual","year":"2002","Sea-salt":0.02507525,"Crustal":0.5297265000000001,"OrganicCarbon":1.21704475,"ElementalCarbon":0.160255,"Nitrate":2.68087425074925,"Sulfate":2.622084415584417,"SumOfSpecies":7.2350601663336676}]}