{"Q4":[{"Season":"Q4","year":"2024","Sea-salt":0.005031,"Crustal":0.064731,"OrganicCarbon":0.275909090909091,"ElementalCarbon":0.0486363636363636,"Nitrate":0.0452727272727273,"Sulfate":0.102772727272727,"SumOfSpecies":0.5423529090909088}],"Annual":[]}