{"Q1":[{"Season":"Q1","year":"2023","Sea-salt":0.137365,"Crustal":0.852036,"OrganicCarbon":1.93792857142857,"ElementalCarbon":0.758428571428571,"Nitrate":0.905333333333333,"Sulfate":1.08066666666667,"SumOfSpecies":5.6717581428571435},{"Season":"Q1","year":"2024","Sea-salt":0.118188,"Crustal":0.594417,"OrganicCarbon":1.86778571428571,"ElementalCarbon":0.718285714285714,"Nitrate":0.848125,"Sulfate":0.695625,"SumOfSpecies":4.842426428571423}],"Q2":[{"Season":"Q2","year":"2023","Sea-salt":0.054714,"Crustal":0.916493,"OrganicCarbon":4.5728,"ElementalCarbon":1.00213333333333,"Nitrate":0.381333333333333,"Sulfate":1.05466666666667,"SumOfSpecies":7.982140333333334}],"Q3":[{"Season":"Q3","year":"2023","Sea-salt":0.190592,"Crustal":0.514201,"OrganicCarbon":3.94766666666667,"ElementalCarbon":0.873066666666667,"Nitrate":0.302,"Sulfate":1.19533333333333,"SumOfSpecies":7.022859666666667},{"Season":"Q3","year":"2024","Sea-salt":0.12881,"Crustal":0.708033,"OrganicCarbon":2.04273333333333,"ElementalCarbon":0.557066666666667,"Nitrate":0.249333333333333,"Sulfate":0.944,"SumOfSpecies":4.62997633333333}],"Q4":[{"Season":"Q4","year":"2023","Sea-salt":0.120574,"Crustal":0.810493,"OrganicCarbon":2.543,"ElementalCarbon":1.05878571428571,"Nitrate":0.662666666666667,"Sulfate":0.680666666666667,"SumOfSpecies":5.8761860476190435}],"Annual":[{"Season":"Annual","year":"2023","Sea-salt":0.12581124999999999,"Crustal":0.77330575,"OrganicCarbon":3.2503488095238096,"ElementalCarbon":0.9231035714285695,"Nitrate":0.5628333333333333,"Sulfate":1.0028333333333341,"SumOfSpecies":6.6382360476190465}]}