{"Q3":[{"Season":"Q3","year":"2000","Sea-salt":0.023494,"Crustal":1.926725,"OrganicCarbon":2.358906,"ElementalCarbon":0.536961,"Nitrate":0.323388888888889,"Sulfate":5.14444444444444,"SumOfSpecies":10.31391933333333}],"Q4":[{"Season":"Q4","year":"2000","Sea-salt":0.023505,"Crustal":0.598366,"OrganicCarbon":2.657677,"ElementalCarbon":0.511124,"Nitrate":1.0494,"Sulfate":6.307,"SumOfSpecies":11.147072000000001}],"Q1":[{"Season":"Q1","year":"2001","Sea-salt":0.056045,"Crustal":0.844861,"OrganicCarbon":2.126984,"ElementalCarbon":0.429109,"Nitrate":1.12025,"Sulfate":4.97533333333333,"SumOfSpecies":9.55258233333333}],"Q2":[{"Season":"Q2","year":"2001","Sea-salt":0.043386,"Crustal":0.997769,"OrganicCarbon":1.415807,"ElementalCarbon":0.400783,"Nitrate":0.411135,"Sulfate":4.82471428571429,"SumOfSpecies":8.093594285714289}],"Annual":[]}