{"Q3":[{"Season":"Q3","year":"2023","Sea-salt":0.042369,"Crustal":0.174577,"OrganicCarbon":2.86261538461538,"ElementalCarbon":0.679576923076923,"Nitrate":0.168214285714286,"Sulfate":0.557142857142857,"SumOfSpecies":4.484495450549446}],"Q4":[{"Season":"Q4","year":"2023","Sea-salt":0.078944,"Crustal":0.277077,"OrganicCarbon":1.1438,"ElementalCarbon":0.587033333333333,"Nitrate":0.773333333333333,"Sulfate":0.505333333333333,"SumOfSpecies":3.3655209999999984}],"Annual":[]}