{"Q1":[{"Season":"Q1","year":"2024","Sea-salt":0.170361,"Crustal":0.39567,"OrganicCarbon":1.79783333333333,"ElementalCarbon":0.446333333333333,"Nitrate":1.081875,"Sulfate":0.26125,"SumOfSpecies":4.1533226666666625}],"Q2":[{"Season":"Q2","year":"2024","Sea-salt":0.182184,"Crustal":0.807313,"OrganicCarbon":1.13528571428571,"ElementalCarbon":0.240571428571429,"Nitrate":0.289230769230769,"Sulfate":0.313846153846154,"SumOfSpecies":2.968431065934062}],"Q3":[{"Season":"Q3","year":"2024","Sea-salt":0.086827,"Crustal":1.585813,"OrganicCarbon":4.18273333333333,"ElementalCarbon":0.690266666666667,"Nitrate":0.318,"Sulfate":0.456,"SumOfSpecies":7.319639999999996}],"Q4":[{"Season":"Q4","year":"2024","Sea-salt":0.223627,"Crustal":0.323993,"OrganicCarbon":2.0742,"ElementalCarbon":0.5788,"Nitrate":1.47857142857143,"Sulfate":0.309285714285714,"SumOfSpecies":4.988477142857144}],"Annual":[{"Season":"Annual","year":"2024","Sea-salt":0.16574975,"Crustal":0.7781972499999998,"OrganicCarbon":2.2975130952380924,"ElementalCarbon":0.4889928571428573,"Nitrate":0.7919192994505497,"Sulfate":0.335095467032967,"SumOfSpecies":4.8574677188644655}]}