{"Q1":[{"Year":"2006","Season":"Q1","Sea-salt":0.0063,"Crustal":0.239443,"OrganicCarbon":1.894184,"ElementalCarbon":0.354467,"Nitrate":0.772818181818182,"Sulfate":2.71090909090909,"SumOfSpecies":5.978121272727272}],"Annual":[]}