{"Q1":[{"Year":"2006","Season":"Q1","Sea-salt":0.014052,"Crustal":0.325647,"OrganicCarbon":1.081091,"ElementalCarbon":0.211902,"Nitrate":0.667714285714286,"Sulfate":2.52428571428571,"SumOfSpecies":4.824691999999996}],"Q2":[{"Year":"2006","Season":"Q2","Sea-salt":0.012708,"Crustal":1.321997,"OrganicCarbon":3.355408,"ElementalCarbon":0.189499,"Nitrate":0.2915,"Sulfate":4.68857142857143,"SumOfSpecies":9.85968342857143}],"Annual":[]}