{"Q2":[],"Q3":[{"Year":"2010","Season":"Q3","Sea-salt":0.124602,"Crustal":1.476199,"OrganicCarbon":1.94285714285714,"ElementalCarbon":0.580428571428571,"Nitrate":0.353384615384615,"Sulfate":1.19023076923077,"SumOfSpecies":5.667702098901096}],"Q4":[{"Year":"2010","Season":"Q4","Sea-salt":0.061335,"Crustal":1.684175,"OrganicCarbon":2.89666666666667,"ElementalCarbon":1.156,"Nitrate":0.92425,"Sulfate":0.7245,"SumOfSpecies":7.446926666666669}],"Q1":[{"Year":"2011","Season":"Q1","Sea-salt":0.205753,"Crustal":2.441604,"OrganicCarbon":3.23333333333333,"ElementalCarbon":1.23941666666667,"Nitrate":2.77171428571429,"Sulfate":0.545076923076923,"SumOfSpecies":10.436898208791213}],"Annual":[]}