{"Q1":[{"Year":"2006","Season":"Q1","Sea-salt":0.05226,"Crustal":2.520916,"OrganicCarbon":0.825229,"ElementalCarbon":0.364217,"Nitrate":1.0475,"Sulfate":0.675916666666667,"SumOfSpecies":5.486038666666667}],"Q2":[{"Year":"2006","Season":"Q2","Sea-salt":0.062418,"Crustal":2.544624,"OrganicCarbon":0.7775,"ElementalCarbon":0.12122,"Nitrate":0.357692307692308,"Sulfate":1.24184615384615,"SumOfSpecies":5.105300461538458}],"Q3":[{"Year":"2006","Season":"Q3","Sea-salt":0.002661,"Crustal":1.221265,"OrganicCarbon":0.873737,"ElementalCarbon":0.196452,"Nitrate":0.311714285714286,"Sulfate":1.47057142857143,"SumOfSpecies":4.0764007142857155}],"Q4":[{"Year":"2006","Season":"Q4","Sea-salt":0.017974,"Crustal":2.400135,"OrganicCarbon":1.491828,"ElementalCarbon":0.713266,"Nitrate":1.73085714285714,"Sulfate":0.853714285714286,"SumOfSpecies":7.207774428571426}],"Annual":[{"Year":"2006","Season":"Annual","Sea-salt":0.03382825,"Crustal":2.171735,"OrganicCarbon":0.9920735,"ElementalCarbon":0.34878875,"Nitrate":0.8619409340659335,"Sulfate":1.0605121336996333,"SumOfSpecies":5.468878567765566}]}