{"Q4":[{"Year":"2006","Season":"Q4","Sea-salt":0.006,"Crustal":1.433587,"OrganicCarbon":0.993466666666667,"ElementalCarbon":0.565333333333333,"Nitrate":0.221066666666667,"Sulfate":0.509,"SumOfSpecies":3.728453666666667}],"Q1":[{"Year":"2007","Season":"Q1","Sea-salt":0.005538,"Crustal":1.897246,"OrganicCarbon":1.47961538461538,"ElementalCarbon":1.00330769230769,"Nitrate":0.172833333333333,"Sulfate":0.401307692307692,"SumOfSpecies":4.959848102564095},{"Year":"2008","Season":"Q1","Sea-salt":0.0036,"Crustal":0.851033,"OrganicCarbon":0.521833333333333,"ElementalCarbon":0.0773333333333333,"Nitrate":0.124583333333333,"Sulfate":0.387166666666667,"SumOfSpecies":1.9655496666666665}],"Q2":[{"Year":"2007","Season":"Q2","Sea-salt":0.05175,"Crustal":3.468946,"OrganicCarbon":0.850333333333333,"ElementalCarbon":0.3155,"Nitrate":0.272,"Sulfate":0.593083333333333,"SumOfSpecies":5.551612666666667},{"Year":"2008","Season":"Q2","Sea-salt":0.024545,"Crustal":2.96033,"OrganicCarbon":1.071,"ElementalCarbon":0.0964545454545455,"Nitrate":0.265090909090909,"Sulfate":0.928,"SumOfSpecies":5.345420454545454}],"Q3":[{"Year":"2007","Season":"Q3","Sea-salt":0.0108,"Crustal":2.106114,"OrganicCarbon":1.66392857142857,"ElementalCarbon":0.444857142857143,"Nitrate":0.3835,"Sulfate":0.925571428571429,"SumOfSpecies":5.534771142857141}],"Annual":[]}