{"Q4":[{"Year":"2015","Season":"Q4","Sea-salt":0.5904,"Crustal":1.591804,"OrganicCarbon":9.37294117647059,"ElementalCarbon":2.96917647058824,"Nitrate":1.89,"Sulfate":0.589411764705882,"SumOfSpecies":17.003733411764713}],"Annual":[]}