{"Q4":[{"Year":"2014","Season":"Q4","Sea-salt":0.131326,"Crustal":1.918009,"OrganicCarbon":7.54588235294118,"ElementalCarbon":2.48352941176471,"Nitrate":2.54776470588235,"Sulfate":0.585117647058824,"SumOfSpecies":15.211629117647066}],"Annual":[]}