{"Q1":[{"Year":"2006","Season":"Q1","Sea-salt":0.017184,"Crustal":3.219535,"OrganicCarbon":1.664926,"ElementalCarbon":0.509682,"Nitrate":1.0802,"Sulfate":0.682533333333333,"SumOfSpecies":7.174060333333332}],"Q2":[{"Year":"2006","Season":"Q2","Sea-salt":0.051792,"Crustal":2.842947,"OrganicCarbon":1.601214,"ElementalCarbon":0.264536,"Nitrate":0.388928571428571,"Sulfate":1.15578571428571,"SumOfSpecies":6.305203285714281}],"Q3":[{"Year":"2006","Season":"Q3","Sea-salt":0.004752,"Crustal":1.911429,"OrganicCarbon":1.307559,"ElementalCarbon":0.298424,"Nitrate":0.3702,"Sulfate":1.43626666666667,"SumOfSpecies":5.32863066666667}],"Q4":[{"Year":"2006","Season":"Q4","Sea-salt":0.033156,"Crustal":2.791693,"OrganicCarbon":1.935992,"ElementalCarbon":0.772132,"Nitrate":1.09583333333333,"Sulfate":0.731066666666667,"SumOfSpecies":7.359872999999997}],"Annual":[{"Year":"2006","Season":"Annual","Sea-salt":0.026721,"Crustal":2.691401,"OrganicCarbon":1.6274227499999998,"ElementalCarbon":0.46119350000000003,"Nitrate":0.7337904761904753,"Sulfate":1.001413095238095,"SumOfSpecies":6.541941821428571}]}