{"Q4":[{"Year":"2014","Season":"Q4","Sea-salt":0.157992,"Crustal":0.749532,"OrganicCarbon":2.48623076923077,"ElementalCarbon":0.807961538461538,"Nitrate":1.3148,"Sulfate":0.77932,"SumOfSpecies":6.2958363076923085}],"Q1":[{"Year":"2015","Season":"Q1","Sea-salt":0.15015,"Crustal":0.676444,"OrganicCarbon":2.43875,"ElementalCarbon":0.774916666666667,"Nitrate":2.136375,"Sulfate":0.789358333333333,"SumOfSpecies":6.965994000000001}],"Q2":[{"Year":"2015","Season":"Q2","Sea-salt":0.432706,"Crustal":0.602361,"OrganicCarbon":1.3414347826087,"ElementalCarbon":0.272173913043478,"Nitrate":1.45512,"Sulfate":1.36892,"SumOfSpecies":5.472715695652178}],"Q3":[{"Year":"2015","Season":"Q3","Sea-salt":0.334507,"Crustal":0.588539,"OrganicCarbon":1.98920833333333,"ElementalCarbon":0.401791666666667,"Nitrate":1.56345833333333,"Sulfate":1.54141666666667,"SumOfSpecies":6.418920999999997}],"Annual":[]}