{"Q1":[{"Year":"2006","Season":"Q1","Sea-salt":0.013272,"Crustal":0.856418,"OrganicCarbon":1.265857,"ElementalCarbon":0.776458,"Nitrate":1.26306666666667,"Sulfate":0.827933333333333,"SumOfSpecies":5.003005000000003}],"Q2":[{"Year":"2006","Season":"Q2","Sea-salt":0.003672,"Crustal":1.705029,"OrganicCarbon":1.014483,"ElementalCarbon":0.424602,"Nitrate":0.4132,"Sulfate":1.065,"SumOfSpecies":4.625985999999999}],"Q3":[{"Year":"2006","Season":"Q3","Sea-salt":0.00222,"Crustal":0.927111,"OrganicCarbon":1.680565,"ElementalCarbon":0.683447,"Nitrate":0.4874,"Sulfate":1.1952,"SumOfSpecies":4.975943}],"Q4":[{"Year":"2006","Season":"Q4","Sea-salt":0.0114,"Crustal":0.877929,"OrganicCarbon":1.923829,"ElementalCarbon":1.095869,"Nitrate":1.4109375,"Sulfate":0.910875,"SumOfSpecies":6.2308395}],"Annual":[{"Year":"2006","Season":"Annual","Sea-salt":0.007641,"Crustal":1.0916217499999998,"OrganicCarbon":1.4711835,"ElementalCarbon":0.745094,"Nitrate":0.8936510416666674,"Sulfate":0.9997520833333332,"SumOfSpecies":5.2089433750000005}]}