{"Q1":[{"Year":"2006","Season":"Q1","Sea-salt":0.262343,"Crustal":0.333496,"OrganicCarbon":1.740534,"ElementalCarbon":0.378291,"Nitrate":0.699923076923077,"Sulfate":3.19307692307692,"SumOfSpecies":6.607663999999996}],"Annual":[]}