{"Q1":[{"Year":"2015","Season":"Q1","Sea-salt":0.556076,"Crustal":0.268406,"OrganicCarbon":1.27915384615385,"ElementalCarbon":0.335,"Nitrate":0.492896551724138,"Sulfate":1.45679310344828,"SumOfSpecies":4.388325501326268}],"Q2":[{"Year":"2015","Season":"Q2","Sea-salt":0.465182,"Crustal":1.289159,"OrganicCarbon":1.06731034482759,"ElementalCarbon":0.196586206896552,"Nitrate":0.400233333333333,"Sulfate":1.41606666666667,"SumOfSpecies":4.834537551724145}],"Q3":[{"Year":"2015","Season":"Q3","Sea-salt":0.266436,"Crustal":2.138206,"OrganicCarbon":1.06446428571429,"ElementalCarbon":0.267107142857143,"Nitrate":0.313766666666667,"Sulfate":1.14416666666667,"SumOfSpecies":5.19414676190477}],"Q4":[{"Year":"2015","Season":"Q4","Sea-salt":0.525544,"Crustal":0.239064,"OrganicCarbon":0.908551724137931,"ElementalCarbon":0.234413793103448,"Nitrate":0.280566666666667,"Sulfate":0.904966666666667,"SumOfSpecies":3.093106850574713}],"Annual":[{"Year":"2015","Season":"Annual","Sea-salt":0.45330950000000003,"Crustal":0.9837087499999999,"OrganicCarbon":1.0798700502084153,"ElementalCarbon":0.25827678571428575,"Nitrate":0.37186580459770124,"Sulfate":1.2304982758620717,"SumOfSpecies":4.377529166382474}]}