{"Q1":[{"Year":"2006","Season":"Q1","Sea-salt":0.010212,"Crustal":0.234869,"OrganicCarbon":1.166523,"ElementalCarbon":0.315008,"Nitrate":1.75802333333333,"Sulfate":0.625766666666667,"SumOfSpecies":4.110401999999997}],"Q2":[{"Year":"2006","Season":"Q2","Sea-salt":0.003848,"Crustal":0.823679,"OrganicCarbon":1.482198,"ElementalCarbon":0.150367,"Nitrate":0.553931034482759,"Sulfate":0.724724137931034,"SumOfSpecies":3.7387471724137926}],"Annual":[]}