{"Q1":[{"Year":"2006","Season":"Q1","Sea-salt":0.025632,"Crustal":0.436768,"OrganicCarbon":1.120477,"ElementalCarbon":0.321497,"Nitrate":3.93533333333333,"Sulfate":3.14733333333333,"SumOfSpecies":8.98704066666666},{"Year":"2007","Season":"Q1","Sea-salt":0.041014,"Crustal":0.690183,"OrganicCarbon":1.050839,"ElementalCarbon":0.347509,"Nitrate":3.79142857142857,"Sulfate":2.83357142857143,"SumOfSpecies":8.754545}],"Q2":[{"Year":"2006","Season":"Q2","Sea-salt":0.01626,"Crustal":1.101178,"OrganicCarbon":3.443654,"ElementalCarbon":0.487331,"Nitrate":0.847933333333333,"Sulfate":3.66933333333333,"SumOfSpecies":9.565689666666664},{"Year":"2007","Season":"Q2","Sea-salt":0.039048,"Crustal":0.805398,"OrganicCarbon":2.591649,"ElementalCarbon":0.454885,"Nitrate":0.809866666666667,"Sulfate":4.062,"SumOfSpecies":8.762846666666668}],"Q3":[{"Year":"2006","Season":"Q3","Sea-salt":0.018373,"Crustal":0.679513,"OrganicCarbon":1.765501,"ElementalCarbon":0.442113,"Nitrate":0.474785714285714,"Sulfate":3.77642857142857,"SumOfSpecies":7.156714285714283}],"Q4":[{"Year":"2006","Season":"Q4","Sea-salt":0.004972,"Crustal":0.46299,"OrganicCarbon":1.559005,"ElementalCarbon":0.459301,"Nitrate":2.8169375,"Sulfate":2.5739375,"SumOfSpecies":7.877143}],"Annual":[{"Year":"2006","Season":"Annual","Sea-salt":0.01630925,"Crustal":0.67011225,"OrganicCarbon":1.97215925,"ElementalCarbon":0.4275605,"Nitrate":2.018747470238094,"Sulfate":3.291758184523807,"SumOfSpecies":8.396646904761901}]}