{"Q1":[{"Year":"2006","Season":"Q1","Sea-salt":0.03654,"Crustal":0.251702,"OrganicCarbon":0.951139,"ElementalCarbon":0.289575,"Nitrate":3.03954545454545,"Sulfate":3.04272727272727,"SumOfSpecies":7.611228727272719}],"Annual":[]}