{"Q1":[{"Year":"2006","Season":"Q1","Sea-salt":0.002505,"Crustal":0.254164,"OrganicCarbon":1.060529,"ElementalCarbon":0.360612,"Nitrate":1.11008333333333,"Sulfate":2.72916666666667,"SumOfSpecies":5.517060000000001}],"Annual":[]}