{"Q1":[{"Year":"2006","Season":"Q1","Sea-salt":0.001473,"Crustal":0.30628,"OrganicCarbon":0.742627,"ElementalCarbon":0.302357,"Nitrate":2.58845454545455,"Sulfate":3.42818181818182,"SumOfSpecies":7.36937336363637}],"Annual":[]}