{"Q1":[{"Year":"2006","Season":"Q1","Sea-salt":0.010278,"Crustal":0.59283,"OrganicCarbon":1.77966666666667,"ElementalCarbon":0.737,"Nitrate":0.56963,"Sulfate":2.21941333333333,"SumOfSpecies":5.908818}],"Q2":[{"Year":"2006","Season":"Q2","Sea-salt":0.079544,"Crustal":0.378128,"OrganicCarbon":0.973636363636364,"ElementalCarbon":0.322727272727273,"Nitrate":0.199186363636364,"Sulfate":1.78015454545455,"SumOfSpecies":3.7333765454545507}],"Annual":[]}