{"Q1":[{"Year":"2006","Season":"Q1","Sea-salt":0.276246,"Crustal":0.529127,"OrganicCarbon":1.937,"ElementalCarbon":0.997666666666667,"Nitrate":2.09035,"Sulfate":3.14090666666667,"SumOfSpecies":8.971296333333337}],"Q2":[{"Year":"2006","Season":"Q2","Sea-salt":0.127025,"Crustal":0.764192,"OrganicCarbon":1.693,"ElementalCarbon":0.698,"Nitrate":0.891865384615385,"Sulfate":4.11858846153846,"SumOfSpecies":8.292670846153845}],"Q3":[{"Year":"2006","Season":"Q3","Sea-salt":0,"Crustal":0.755735,"OrganicCarbon":2.28892857142857,"ElementalCarbon":0.712142857142857,"Nitrate":0.315810714285714,"Sulfate":6.03269642857143,"SumOfSpecies":10.105313571428571}],"Q4":[{"Year":"2006","Season":"Q4","Sea-salt":0,"Crustal":0.513296,"OrganicCarbon":2.11,"ElementalCarbon":0.981666666666667,"Nitrate":1.82017,"Sulfate":2.70511,"SumOfSpecies":8.130242666666666}],"Annual":[{"Year":"2006","Season":"Annual","Sea-salt":0.10081775,"Crustal":0.6405875,"OrganicCarbon":2.0072321428571422,"ElementalCarbon":0.8473690476190477,"Nitrate":1.2795490247252748,"Sulfate":3.99932538919414,"SumOfSpecies":8.874880854395606}]}