{"Q1":[{"Year":"2006","Season":"Q1","Sea-salt":0.00888,"Crustal":0.206393,"OrganicCarbon":0.756738,"ElementalCarbon":0.27391,"Nitrate":4.19476,"Sulfate":2.748,"SumOfSpecies":8.188680999999999}],"Annual":[]}