{"Q1":[{"Year":"2006","Season":"Q1","Sea-salt":0.051588,"Crustal":0.399038,"OrganicCarbon":0.666962,"ElementalCarbon":0.162152,"Nitrate":1.3674,"Sulfate":2.42826666666667,"SumOfSpecies":5.07540666666667}],"Annual":[]}