{"Q4":[{"Year":"2013","Season":"Q4","Sea-salt":0.011542,"Crustal":0.332608,"OrganicCarbon":1.458,"ElementalCarbon":0.38625,"Nitrate":1.9200625,"Sulfate":1.545375,"SumOfSpecies":5.6538375},{"Year":"2014","Season":"Q4","Sea-salt":0.024724,"Crustal":0.254007,"OrganicCarbon":1.24842857142857,"ElementalCarbon":0.301,"Nitrate":1.83406666666667,"Sulfate":1.34986666666667,"SumOfSpecies":5.01209290476191}],"Q1":[{"Year":"2014","Season":"Q1","Sea-salt":0.014556,"Crustal":0.272908,"OrganicCarbon":1.85793333333333,"ElementalCarbon":0.387666666666667,"Nitrate":3.5378,"Sulfate":1.87426666666667,"SumOfSpecies":7.945130666666667}],"Q2":[{"Year":"2014","Season":"Q2","Sea-salt":0.005928,"Crustal":0.694564,"OrganicCarbon":1.80213333333333,"ElementalCarbon":0.463266666666667,"Nitrate":1.25353333333333,"Sulfate":1.60153333333333,"SumOfSpecies":5.820958666666657}],"Q3":[{"Year":"2014","Season":"Q3","Sea-salt":0.004404,"Crustal":0.373137,"OrganicCarbon":2.37571428571429,"ElementalCarbon":0.635142857142857,"Nitrate":0.560933333333333,"Sulfate":2.25573333333333,"SumOfSpecies":6.20506480952381}],"Annual":[{"Year":"2014","Season":"Annual","Sea-salt":0.012403,"Crustal":0.39865399999999995,"OrganicCarbon":1.82105238095238,"ElementalCarbon":0.44676904761904773,"Nitrate":1.7965833333333332,"Sulfate":1.7703499999999999,"SumOfSpecies":6.24581176190476}]}