{"Q1":[{"Year":"2006","Season":"Q1","Sea-salt":0.003198,"Crustal":0.397693,"OrganicCarbon":2.189638,"ElementalCarbon":0.599587,"Nitrate":1.15553846153846,"Sulfate":3.14076923076923,"SumOfSpecies":7.486423692307691}],"Annual":[]}