{"Q1":[{"Year":"2006","Season":"Q1","Sea-salt":0.005885,"Crustal":0.2278,"OrganicCarbon":0.412604,"ElementalCarbon":0.114565,"Nitrate":3.47676923076923,"Sulfate":2.36423076923077,"SumOfSpecies":6.6018539999999994}],"Q2":[{"Year":"2006","Season":"Q2","Sea-salt":0.009216,"Crustal":0.625313,"OrganicCarbon":1.915141,"ElementalCarbon":0.072746,"Nitrate":0.784266666666667,"Sulfate":3.11866666666667,"SumOfSpecies":6.525349333333336}],"Annual":[]}