{"Q1":[{"Year":"2006","Season":"Q1","Sea-salt":0.01482,"Crustal":1.67496,"OrganicCarbon":3.731517,"ElementalCarbon":1.586881,"Nitrate":0.8746,"Sulfate":0.542066666666667,"SumOfSpecies":8.424844666666667},{"Year":"2007","Season":"Q1","Sea-salt":0.045687,"Crustal":1.821699,"OrganicCarbon":3.717879,"ElementalCarbon":1.662129,"Nitrate":0.807581818181818,"Sulfate":0.433090909090909,"SumOfSpecies":8.488066727272727}],"Q2":[{"Year":"2006","Season":"Q2","Sea-salt":0.028944,"Crustal":2.146679,"OrganicCarbon":3.438441,"ElementalCarbon":0.572411,"Nitrate":0.2994,"Sulfate":1.0292,"SumOfSpecies":7.5150749999999995}],"Q3":[{"Year":"2006","Season":"Q3","Sea-salt":0.123043,"Crustal":2.080953,"OrganicCarbon":3.01099,"ElementalCarbon":0.885538,"Nitrate":0.406142857142857,"Sulfate":1.57807142857143,"SumOfSpecies":8.084738285714288}],"Q4":[{"Year":"2006","Season":"Q4","Sea-salt":0.12429,"Crustal":2.359705,"OrganicCarbon":6.475882,"ElementalCarbon":2.5676,"Nitrate":1.371125,"Sulfate":0.666625,"SumOfSpecies":13.565227}],"Annual":[{"Year":"2006","Season":"Annual","Sea-salt":0.07277425,"Crustal":2.06557425,"OrganicCarbon":4.1642075,"ElementalCarbon":1.4031075,"Nitrate":0.7378169642857142,"Sulfate":0.9539907738095241,"SumOfSpecies":9.397471238095239}]}