{"Q1":[{"Year":"2006","Season":"Q1","Sea-salt":0.078517,"Crustal":0.291046,"OrganicCarbon":1.412694,"ElementalCarbon":0.44126,"Nitrate":0.956607142857143,"Sulfate":2.19142857142857,"SumOfSpecies":5.371552714285713},{"Year":"2007","Season":"Q1","Sea-salt":0.071554,"Crustal":0.250923,"OrganicCarbon":0.890766,"ElementalCarbon":0.43037,"Nitrate":0.7668,"Sulfate":1.68564,"SumOfSpecies":4.0960529999999995}],"Q2":[{"Year":"2006","Season":"Q2","Sea-salt":0.08568,"Crustal":0.270043,"OrganicCarbon":0.80144,"ElementalCarbon":0.140831,"Nitrate":0.355385714285714,"Sulfate":2.05667857142857,"SumOfSpecies":3.7100582857142843}],"Q3":[{"Year":"2006","Season":"Q3","Sea-salt":0.028649,"Crustal":0.290666,"OrganicCarbon":1.835327,"ElementalCarbon":0.419122,"Nitrate":0.33264,"Sulfate":2.85672,"SumOfSpecies":5.7631239999999995}],"Q4":[{"Year":"2006","Season":"Q4","Sea-salt":0.158622,"Crustal":0.201702,"OrganicCarbon":1.293435,"ElementalCarbon":0.429871,"Nitrate":0.6823,"Sulfate":1.75942307692308,"SumOfSpecies":4.52535307692308}],"Annual":[{"Year":"2006","Season":"Annual","Sea-salt":0.087867,"Crustal":0.26336424999999997,"OrganicCarbon":1.335724,"ElementalCarbon":0.35777099999999995,"Nitrate":0.5817332142857142,"Sulfate":2.216062554945055,"SumOfSpecies":4.84252201923077}]}