{"Q1":[{"Year":"2006","Season":"Q1","Sea-salt":0.085028,"Crustal":0.706498,"OrganicCarbon":2.84442,"ElementalCarbon":1.435518,"Nitrate":3.10058620689655,"Sulfate":3.38862068965517,"SumOfSpecies":11.56067089655172},{"Year":"2007","Season":"Q1","Sea-salt":0.183127,"Crustal":0.644059,"OrganicCarbon":2.813418,"ElementalCarbon":1.35912,"Nitrate":3.53155555555556,"Sulfate":3.21222222222222,"SumOfSpecies":11.74350177777778}],"Q2":[{"Year":"2006","Season":"Q2","Sea-salt":0.015573,"Crustal":0.756347,"OrganicCarbon":2.817923,"ElementalCarbon":0.991001,"Nitrate":1.67319333333333,"Sulfate":3.75616666666667,"SumOfSpecies":10.010204}],"Q4":[{"Year":"2006","Season":"Q4","Sea-salt":0.096312,"Crustal":0.604136,"OrganicCarbon":2.267744,"ElementalCarbon":1.194695,"Nitrate":1.83425806451613,"Sulfate":2.63516129032258,"SumOfSpecies":8.632306354838711}],"Annual":[]}