{"Q1":[{"Year":"2006","Season":"Q1","Sea-salt":0.145937,"Crustal":0.247425,"OrganicCarbon":0.939,"ElementalCarbon":0.325666666666667,"Nitrate":1.3885,"Sulfate":2.188496,"SumOfSpecies":5.235024666666668}],"Q2":[{"Year":"2006","Season":"Q2","Sea-salt":0,"Crustal":0.448013,"OrganicCarbon":1.19074074074074,"ElementalCarbon":0.305185185185185,"Nitrate":0.262859259259259,"Sulfate":2.40851481481481,"SumOfSpecies":4.615312999999994}],"Annual":[]}