{"Q1":[{"Year":"2006","Season":"Q1","Sea-salt":0.01194,"Crustal":0.345464,"OrganicCarbon":2.369235,"ElementalCarbon":0.609904,"Nitrate":1.48235714285714,"Sulfate":3.60142857142857,"SumOfSpecies":8.42032871428571}],"Q2":[{"Year":"2006","Season":"Q2","Sea-salt":0.014976,"Crustal":0.484275,"OrganicCarbon":2.928744,"ElementalCarbon":0.377736,"Nitrate":0.4326,"Sulfate":5.90466666666667,"SumOfSpecies":10.14299766666667}],"Q3":[{"Year":"2006","Season":"Q3","Sea-salt":0.00612,"Crustal":0.520564,"OrganicCarbon":2.956546,"ElementalCarbon":0.459211,"Nitrate":0.291757142857143,"Sulfate":7.81428571428571,"SumOfSpecies":12.048483857142852}],"Annual":[]}