{"Q1":[],"Q2":[{"Year":"2006","Season":"Q2","Sea-salt":0.0018,"Crustal":0.511341,"OrganicCarbon":0.885321,"ElementalCarbon":0.05472,"Nitrate":0.866133333333333,"Sulfate":1.43966666666667,"SumOfSpecies":3.758982000000003}],"Q3":[{"Year":"2006","Season":"Q3","Sea-salt":0.00024,"Crustal":0.67635,"OrganicCarbon":1.899503,"ElementalCarbon":0.397204,"Nitrate":0.18248,"Sulfate":0.89,"SumOfSpecies":4.045777}],"Q4":[{"Year":"2006","Season":"Q4","Sea-salt":0.00603,"Crustal":0.28708,"OrganicCarbon":0.197157,"ElementalCarbon":0.184864,"Nitrate":0.7,"Sulfate":0.747357142857143,"SumOfSpecies":2.122488142857143}],"Annual":[]}