{"Q1":[],"Q2":[],"Q3":[{"Year":"2006","Season":"Q3","Sea-salt":0,"Crustal":0.482608,"OrganicCarbon":1.678827,"ElementalCarbon":0.057605,"Nitrate":0.172533333333333,"Sulfate":0.9258,"SumOfSpecies":3.3173733333333333}],"Q4":[],"Annual":[]}