{"Q4":[{"Year":"2014","Season":"Q4","Sea-salt":0.032256,"Crustal":0.300318,"OrganicCarbon":1.55886666666667,"ElementalCarbon":0.457133333333333,"Nitrate":1.6692,"Sulfate":1.5216,"SumOfSpecies":5.539374000000003}],"Q1":[{"Year":"2015","Season":"Q1","Sea-salt":0.093924,"Crustal":0.315874,"OrganicCarbon":1.92,"ElementalCarbon":0.4828,"Nitrate":3.2258,"Sulfate":2.19933333333333,"SumOfSpecies":8.237731333333329}],"Q2":[{"Year":"2015","Season":"Q2","Sea-salt":0.027476,"Crustal":1.03718,"OrganicCarbon":2.89573333333333,"ElementalCarbon":0.719933333333333,"Nitrate":0.906642857142857,"Sulfate":1.70189285714286,"SumOfSpecies":7.288858380952379}],"Q3":[{"Year":"2015","Season":"Q3","Sea-salt":0.026208,"Crustal":0.436884,"OrganicCarbon":3.20066666666667,"ElementalCarbon":0.816,"Nitrate":0.609933333333333,"Sulfate":2.4458,"SumOfSpecies":7.535492000000003}],"Annual":[]}