{"Q1":[{"Year":"2006","Season":"Q1","Sea-salt":0.009432,"Crustal":0.281718,"OrganicCarbon":1.356791,"ElementalCarbon":0.415229,"Nitrate":3.8058,"Sulfate":2.97133333333333,"SumOfSpecies":8.84030333333333}],"Q2":[{"Year":"2006","Season":"Q2","Sea-salt":0.012336,"Crustal":0.506853,"OrganicCarbon":1.783083,"ElementalCarbon":0.376294,"Nitrate":1.15353333333333,"Sulfate":3.64733333333333,"SumOfSpecies":7.479432666666661}],"Q3":[{"Year":"2006","Season":"Q3","Sea-salt":0.013731,"Crustal":0.715549,"OrganicCarbon":1.993913,"ElementalCarbon":0.487331,"Nitrate":0.755666666666667,"Sulfate":5.10073333333333,"SumOfSpecies":9.066923999999997}],"Q4":[{"Year":"2006","Season":"Q4","Sea-salt":0.014904,"Crustal":0.330304,"OrganicCarbon":1.410657,"ElementalCarbon":0.387109,"Nitrate":2.15286666666667,"Sulfate":2.64393333333333,"SumOfSpecies":6.939774}],"Annual":[{"Year":"2006","Season":"Annual","Sea-salt":0.01260075,"Crustal":0.45860599999999996,"OrganicCarbon":1.636111,"ElementalCarbon":0.41649074999999997,"Nitrate":1.9669666666666668,"Sulfate":3.5908333333333298,"SumOfSpecies":8.081608499999996}]}