{"Q2":[{"Year":"2008","Season":"Q2","Sea-salt":0.218484,"Crustal":0.826468,"OrganicCarbon":2.317686,"ElementalCarbon":0.461374,"Nitrate":1.02893333333333,"Sulfate":3.552,"SumOfSpecies":8.40494533333333}],"Annual":[]}