{"Q1":[{"Year":"2006","Season":"Q1","Sea-salt":0.191832,"Crustal":0.350615,"OrganicCarbon":2.017081,"ElementalCarbon":0.764562,"Nitrate":0.8615,"Sulfate":0.823133333333333,"SumOfSpecies":5.008723333333333}],"Q2":[{"Year":"2006","Season":"Q2","Sea-salt":0.036384,"Crustal":0.443161,"OrganicCarbon":1.13264,"ElementalCarbon":0.326544,"Nitrate":0.631433333333333,"Sulfate":0.997886666666667,"SumOfSpecies":3.5680490000000002}],"Q3":[{"Year":"2006","Season":"Q3","Sea-salt":0.069257,"Crustal":0.379283,"OrganicCarbon":2.285251,"ElementalCarbon":0.551862,"Nitrate":0.57,"Sulfate":1.33636666666667,"SumOfSpecies":5.19201966666667}],"Q4":[{"Year":"2006","Season":"Q4","Sea-salt":0.229721,"Crustal":0.371424,"OrganicCarbon":3.393824,"ElementalCarbon":1.136083,"Nitrate":1.48229032258065,"Sulfate":1.38712903225806,"SumOfSpecies":8.00047135483871}],"Annual":[{"Year":"2006","Season":"Annual","Sea-salt":0.13179849999999999,"Crustal":0.38612075,"OrganicCarbon":2.207199,"ElementalCarbon":0.69476275,"Nitrate":0.8863059139784958,"Sulfate":1.1361289247311825,"SumOfSpecies":5.442315838709678}]}