{"Q1":[{"Year":"2006","Season":"Q1","Sea-salt":0.016351,"Crustal":0.290978,"OrganicCarbon":4.27249,"ElementalCarbon":0.301273,"Nitrate":0.523138666666667,"Sulfate":0.367092,"SumOfSpecies":5.771322666666668},{"Year":"2007","Season":"Q1","Sea-salt":0.032012,"Crustal":0.26683,"OrganicCarbon":3.32947,"ElementalCarbon":0.18811,"Nitrate":0.844885333333333,"Sulfate":0.346074666666667,"SumOfSpecies":5.007382}],"Q2":[{"Year":"2006","Season":"Q2","Sea-salt":0.002568,"Crustal":0.854459,"OrganicCarbon":1.755638,"ElementalCarbon":0.193672,"Nitrate":0.258432,"Sulfate":0.615874666666667,"SumOfSpecies":3.6806436666666666}],"Q3":[{"Year":"2006","Season":"Q3","Sea-salt":0.089303,"Crustal":1.360938,"OrganicCarbon":4.946457,"ElementalCarbon":0.353224,"Nitrate":0.26535,"Sulfate":0.72966,"SumOfSpecies":7.7449319999999995}],"Q4":[{"Year":"2006","Season":"Q4","Sea-salt":0.068438,"Crustal":0.351056,"OrganicCarbon":6.585947,"ElementalCarbon":0.933161,"Nitrate":1.494789375,"Sulfate":0.48208,"SumOfSpecies":9.915471375000001}],"Annual":[{"Year":"2006","Season":"Annual","Sea-salt":0.044164999999999996,"Crustal":0.71435775,"OrganicCarbon":4.3901330000000005,"ElementalCarbon":0.4453325,"Nitrate":0.6354275104166667,"Sulfate":0.5486766666666667,"SumOfSpecies":6.778092427083335}]}