{"Q1":[{"Year":"2015","Season":"Q1","Sea-salt":0.098532,"Crustal":0.304846,"OrganicCarbon":2.35285714285714,"ElementalCarbon":0.694785714285714,"Nitrate":2.93626666666667,"Sulfate":1.59446666666667,"SumOfSpecies":7.981754190476194}],"Q2":[{"Year":"2015","Season":"Q2","Sea-salt":0.034152,"Crustal":0.732805,"OrganicCarbon":2.36276923076923,"ElementalCarbon":0.556153846153846,"Nitrate":0.907133333333333,"Sulfate":1.92286666666667,"SumOfSpecies":6.51588007692308}],"Q3":[],"Q4":[],"Annual":[]}