{"Q1":[{"Year":"2006","Season":"Q1","Sea-salt":0.014484,"Crustal":0.670201,"OrganicCarbon":3.183013,"ElementalCarbon":0.702194,"Nitrate":1.065,"Sulfate":3.69133333333333,"SumOfSpecies":9.32622533333333}],"Q2":[{"Year":"2006","Season":"Q2","Sea-salt":0.016823,"Crustal":0.985714,"OrganicCarbon":3.550984,"ElementalCarbon":0.444014,"Nitrate":0.429076923076923,"Sulfate":4.74923076923077,"SumOfSpecies":10.175842692307693}],"Q3":[{"Year":"2006","Season":"Q3","Sea-salt":0.006092,"Crustal":1.153839,"OrganicCarbon":3.140643,"ElementalCarbon":0.455661,"Nitrate":0.299230769230769,"Sulfate":5.30615384615385,"SumOfSpecies":10.361619615384619}],"Q4":[{"Year":"2006","Season":"Q4","Sea-salt":0.02013,"Crustal":0.596319,"OrganicCarbon":3.232201,"ElementalCarbon":0.796758,"Nitrate":0.859166666666667,"Sulfate":2.79916666666667,"SumOfSpecies":8.303741333333337}],"Annual":[{"Year":"2006","Season":"Annual","Sea-salt":0.01438225,"Crustal":0.85151825,"OrganicCarbon":3.27671025,"ElementalCarbon":0.5996567500000001,"Nitrate":0.6631185897435897,"Sulfate":4.136471153846156,"SumOfSpecies":9.541857243589746}]}