{"Q1":[{"Year":"2006","Season":"Q1","Sea-salt":0.012909,"Crustal":0.766917,"OrganicCarbon":1.694134,"ElementalCarbon":0.506232,"Nitrate":1.378,"Sulfate":3.45857142857143,"SumOfSpecies":7.81676342857143}],"Q2":[{"Year":"2006","Season":"Q2","Sea-salt":0.004092,"Crustal":0.966604,"OrganicCarbon":2.146243,"ElementalCarbon":0.322939,"Nitrate":0.5848,"Sulfate":5.252,"SumOfSpecies":9.276678}],"Q3":[{"Year":"2006","Season":"Q3","Sea-salt":0.019944,"Crustal":1.074873,"OrganicCarbon":2.113807,"ElementalCarbon":0.410182,"Nitrate":0.43098,"Sulfate":6.41066666666667,"SumOfSpecies":10.46045266666667}],"Q4":[{"Year":"2006","Season":"Q4","Sea-salt":0.00351,"Crustal":0.660847,"OrganicCarbon":1.589051,"ElementalCarbon":0.487691,"Nitrate":0.691583333333333,"Sulfate":1.92333333333333,"SumOfSpecies":5.3560156666666625}],"Annual":[{"Year":"2006","Season":"Annual","Sea-salt":0.010113750000000001,"Crustal":0.86731025,"OrganicCarbon":1.8858087499999998,"ElementalCarbon":0.43176099999999995,"Nitrate":0.7713408333333333,"Sulfate":4.261142857142858,"SumOfSpecies":8.227477440476191}]}