{"Q1":[{"Year":"2006","Season":"Q1","Sea-salt":0.019416,"Crustal":0.506273,"OrganicCarbon":0.894009,"ElementalCarbon":0.359711,"Nitrate":2.2604,"Sulfate":3.256,"SumOfSpecies":7.295809}],"Annual":[]}