{"Q1":[{"Year":"2006","Season":"Q1","Sea-salt":0.033374,"Crustal":0.592179,"OrganicCarbon":1.805453,"ElementalCarbon":0.745579,"Nitrate":1.79455172413793,"Sulfate":2.3198275862069,"SumOfSpecies":7.2909643103448305}],"Annual":[]}