{"Q1":[{"Year":"2006","Season":"Q1","Sea-salt":0.0072,"Crustal":0.222197,"OrganicCarbon":1.528441,"ElementalCarbon":0.306149,"Nitrate":3.08764285714286,"Sulfate":3.51857142857143,"SumOfSpecies":8.67020128571429}],"Q2":[{"Year":"2006","Season":"Q2","Sea-salt":0.004968,"Crustal":0.390524,"OrganicCarbon":1.47379,"ElementalCarbon":0.104471,"Nitrate":0.9774,"Sulfate":4.804,"SumOfSpecies":7.755153}],"Q3":[{"Year":"2006","Season":"Q3","Sea-salt":0.015288,"Crustal":0.698267,"OrganicCarbon":2.064575,"ElementalCarbon":0.240743,"Nitrate":0.584446666666667,"Sulfate":6.356,"SumOfSpecies":9.959319666666667}],"Annual":[]}