{"Q1":[{"Year":"2006","Season":"Q1","Sea-salt":0.004476,"Crustal":0.324649,"OrganicCarbon":2.335642,"ElementalCarbon":0.76348,"Nitrate":1.49613333333333,"Sulfate":3.19266666666667,"SumOfSpecies":8.117047}],"Q2":[{"Year":"2006","Season":"Q2","Sea-salt":0.007548,"Crustal":0.559303,"OrganicCarbon":2.494343,"ElementalCarbon":0.530592,"Nitrate":0.679866666666667,"Sulfate":4.92666666666667,"SumOfSpecies":9.198319333333338}],"Q3":[{"Year":"2006","Season":"Q3","Sea-salt":0.014964,"Crustal":0.772387,"OrganicCarbon":2.637985,"ElementalCarbon":0.664701,"Nitrate":0.589133333333333,"Sulfate":6.46866666666667,"SumOfSpecies":11.147837000000003}],"Annual":[]}