{"Q1":[{"Year":"2006","Season":"Q1","Sea-salt":0.091195,"Crustal":0.684888,"OrganicCarbon":2.021346,"ElementalCarbon":1.131199,"Nitrate":0.753090909090909,"Sulfate":1.05836363636364,"SumOfSpecies":5.740082545454549}],"Q2":[{"Year":"2006","Season":"Q2","Sea-salt":0.15543,"Crustal":0.674227,"OrganicCarbon":2.001843,"ElementalCarbon":0.740186,"Nitrate":1.14130769230769,"Sulfate":1.381,"SumOfSpecies":6.0939936923076905},{"Year":"2007","Season":"Q2","Sea-salt":0.102032,"Crustal":0.433773,"OrganicCarbon":1.261356,"ElementalCarbon":0.755161,"Nitrate":0.59,"Sulfate":1.01238461538462,"SumOfSpecies":4.154706615384621}],"Q3":[{"Year":"2006","Season":"Q3","Sea-salt":0.175975,"Crustal":0.524837,"OrganicCarbon":2.234597,"ElementalCarbon":0.733984,"Nitrate":0.737181818181818,"Sulfate":1.78454545454545,"SumOfSpecies":6.191120272727268}],"Annual":[]}