{"Q2":[{"Year":"2015","Season":"Q2","Sea-salt":0.168159,"Crustal":0.720642,"OrganicCarbon":2.00133333333333,"ElementalCarbon":1.15486666666667,"Nitrate":0.592428571428571,"Sulfate":0.7425,"SumOfSpecies":5.379929571428571}],"Q3":[{"Year":"2015","Season":"Q3","Sea-salt":0.096313,"Crustal":0.737436,"OrganicCarbon":2.86357142857143,"ElementalCarbon":1.27114285714286,"Nitrate":0.5855,"Sulfate":0.7375,"SumOfSpecies":6.29146328571429}],"Q4":[],"Annual":[]}