{"Q4":[{"Year":"2009","Season":"Q4","Sea-salt":0.013032,"Crustal":0.877989,"OrganicCarbon":1.58881818181818,"ElementalCarbon":0.479454545454545,"Nitrate":1.08633333333333,"Sulfate":2.65333333333333,"SumOfSpecies":6.698960393939386},{"Year":"2010","Season":"Q4","Sea-salt":0.044736,"Crustal":0.966471,"OrganicCarbon":2.8098,"ElementalCarbon":1.10973333333333,"Nitrate":1.7022,"Sulfate":3.08266666666667,"SumOfSpecies":9.715607}],"Q1":[{"Year":"2010","Season":"Q1","Sea-salt":0.06966,"Crustal":1.073584,"OrganicCarbon":2.30969230769231,"ElementalCarbon":0.704692307692308,"Nitrate":3.0695,"Sulfate":3.05357142857143,"SumOfSpecies":10.280700043956049},{"Year":"2011","Season":"Q1","Sea-salt":0.032868,"Crustal":0.666603,"OrganicCarbon":2.03733333333333,"ElementalCarbon":0.5158,"Nitrate":1.7054,"Sulfate":2.60513333333333,"SumOfSpecies":7.56313766666666}],"Q2":[{"Year":"2010","Season":"Q2","Sea-salt":0.016239,"Crustal":1.253887,"OrganicCarbon":1.98192857142857,"ElementalCarbon":0.597928571428571,"Nitrate":0.498071428571429,"Sulfate":3.34571428571429,"SumOfSpecies":7.69376885714286},{"Year":"2011","Season":"Q2","Sea-salt":0.023232,"Crustal":0.744655,"OrganicCarbon":1.90926666666667,"ElementalCarbon":0.600466666666667,"Nitrate":0.630933333333333,"Sulfate":3.49133333333333,"SumOfSpecies":7.399887}],"Q3":[{"Year":"2010","Season":"Q3","Sea-salt":0.019823,"Crustal":0.963305,"OrganicCarbon":2.2730625,"ElementalCarbon":0.7429375,"Nitrate":0.3346875,"Sulfate":4.2851875,"SumOfSpecies":8.619003}],"Annual":[{"Year":"2010","Season":"Annual","Sea-salt":0.0376145,"Crustal":1.0643117500000001,"OrganicCarbon":2.34362084478022,"ElementalCarbon":0.7888229281135521,"Nitrate":1.4011147321428572,"Sulfate":3.4417849702380976,"SumOfSpecies":9.077269725274727}]}