{"Q1":[{"Year":"2006","Season":"Q1","Sea-salt":0.739464,"Crustal":0.536888,"OrganicCarbon":0.48741,"ElementalCarbon":1.718107,"Nitrate":0.3572,"Sulfate":1.12626666666667,"SumOfSpecies":4.965335666666671}],"Annual":[]}