{"Q2":[{"Season":"Q2","year":"2022","Sea-salt":0.09288,"Crustal":1.64236,"OrganicCarbon":2.16,"ElementalCarbon":0.236,"Nitrate":1.05933333333333,"Sulfate":0.885333333333333,"SumOfSpecies":6.075906666666662}],"Q3":[{"Season":"Q3","year":"2022","Sea-salt":0.2016,"Crustal":2.553553,"OrganicCarbon":3.20666666666667,"ElementalCarbon":0.334666666666667,"Nitrate":1.13571428571429,"Sulfate":1.34357142857143,"SumOfSpecies":8.775772047619057}],"Q4":[{"Season":"Q4","year":"2022","Sea-salt":0.168637,"Crustal":1.419181,"OrganicCarbon":4.175,"ElementalCarbon":0.64125,"Nitrate":5.103125,"Sulfate":1.085,"SumOfSpecies":12.592193000000002}],"Annual":[]}