{"Q2":[{"Season":"Q2","year":"2021","Sea-salt":0.099754,"Crustal":1.266692,"OrganicCarbon":1.48157142857143,"ElementalCarbon":0.544571428571428,"Nitrate":1.30666666666667,"Sulfate":0.673333333333333,"SumOfSpecies":5.372588857142861},{"Season":"Q2","year":"2022","Sea-salt":0.139781,"Crustal":3.29499,"OrganicCarbon":1.65936363636364,"ElementalCarbon":0.572636363636364,"Nitrate":0.505333333333333,"Sulfate":0.514666666666667,"SumOfSpecies":6.686771000000003}],"Q3":[{"Season":"Q3","year":"2021","Sea-salt":0.091394,"Crustal":2.039612,"OrganicCarbon":4.9554,"ElementalCarbon":1.22353333333333,"Nitrate":0.541333333333333,"Sulfate":0.747333333333333,"SumOfSpecies":9.598605999999997},{"Season":"Q3","year":"2022","Sea-salt":0.150672,"Crustal":1.728554,"OrganicCarbon":1.92086666666667,"ElementalCarbon":0.676266666666667,"Nitrate":0.296,"Sulfate":0.594666666666667,"SumOfSpecies":5.367026000000004}],"Q4":[{"Season":"Q4","year":"2021","Sea-salt":0.196555,"Crustal":2.261131,"OrganicCarbon":1.7346875,"ElementalCarbon":1.027625,"Nitrate":1.23625,"Sulfate":0.364375,"SumOfSpecies":6.820623499999999},{"Season":"Q4","year":"2022","Sea-salt":0.312173,"Crustal":1.831745,"OrganicCarbon":2.3842,"ElementalCarbon":1.33646666666667,"Nitrate":2.059375,"Sulfate":0.445,"SumOfSpecies":8.368959666666669}],"Q1":[{"Season":"Q1","year":"2022","Sea-salt":0.390714,"Crustal":1.349188,"OrganicCarbon":1.62453333333333,"ElementalCarbon":0.944533333333333,"Nitrate":1.68692307692308,"Sulfate":0.418461538461538,"SumOfSpecies":6.414353282051281}],"Annual":[{"Season":"Annual","year":"2022","Sea-salt":0.24833499999999997,"Crustal":2.05111925,"OrganicCarbon":1.8972409090909101,"ElementalCarbon":0.8824757575757585,"Nitrate":1.1369078525641032,"Sulfate":0.493198717948718,"SumOfSpecies":6.709277487179491}]}