{"Q1":[{"Season":"Q1","year":"2002","Sea-salt":0.006382,"Crustal":0.474766,"OrganicCarbon":2.116848,"ElementalCarbon":0.504815,"Nitrate":0.677166666666667,"Sulfate":0.523333333333333,"SumOfSpecies":4.303311},{"Season":"Q1","year":"2003","Sea-salt":0.006043,"Crustal":0.545913,"OrganicCarbon":1.866654,"ElementalCarbon":0.615157,"Nitrate":0.591642857142857,"Sulfate":0.442857142857143,"SumOfSpecies":4.068267}],"Q3":[{"Season":"Q3","year":"2002","Sea-salt":0.002653,"Crustal":0.989322,"OrganicCarbon":2.809794,"ElementalCarbon":0.526683,"Nitrate":0.213157894736842,"Sulfate":0.824736842105263,"SumOfSpecies":5.366346736842106},{"Season":"Q3","year":"2003","Sea-salt":0.011471,"Crustal":0.604025,"OrganicCarbon":2.538678,"ElementalCarbon":0.572738,"Nitrate":0.147981818181818,"Sulfate":0.824363636363636,"SumOfSpecies":4.699257454545455}],"Q2":[{"Season":"Q2","year":"2003","Sea-salt":0.0018,"Crustal":1.468709,"OrganicCarbon":1.534647,"ElementalCarbon":0.410439,"Nitrate":0.255928571428571,"Sulfate":0.993571428571428,"SumOfSpecies":4.665095}],"Annual":[]}