{"Q2":[{"Season":"Q2","year":"2021","Sea-salt":0.236609,"Crustal":0.861782,"OrganicCarbon":2.51869230769231,"ElementalCarbon":0.502153846153846,"Nitrate":0.341333333333333,"Sulfate":1.01666666666667,"SumOfSpecies":5.477237153846159},{"Season":"Q2","year":"2022","Sea-salt":0.05788,"Crustal":0.732479,"OrganicCarbon":3.4774,"ElementalCarbon":0.754133333333333,"Nitrate":0.221333333333333,"Sulfate":0.884666666666667,"SumOfSpecies":6.127892333333333}],"Q3":[{"Season":"Q3","year":"2021","Sea-salt":0.100891,"Crustal":0.778331,"OrganicCarbon":2.68271428571429,"ElementalCarbon":0.406714285714286,"Nitrate":0.174,"Sulfate":1.148,"SumOfSpecies":5.290650571428576},{"Season":"Q3","year":"2022","Sea-salt":0.125741,"Crustal":0.402202,"OrganicCarbon":2.4304,"ElementalCarbon":0.561466666666667,"Nitrate":0.156,"Sulfate":0.905333333333333,"SumOfSpecies":4.581143}],"Q4":[{"Season":"Q4","year":"2021","Sea-salt":0.23771,"Crustal":0.346566,"OrganicCarbon":3.805375,"ElementalCarbon":1.260125,"Nitrate":0.284375,"Sulfate":0.82375,"SumOfSpecies":6.757901},{"Season":"Q4","year":"2022","Sea-salt":0.195196,"Crustal":0.272294,"OrganicCarbon":3.2843125,"ElementalCarbon":1.0234375,"Nitrate":0.331875,"Sulfate":0.670625,"SumOfSpecies":5.7777400000000005}],"Q1":[{"Season":"Q1","year":"2022","Sea-salt":0.162304,"Crustal":0.463803,"OrganicCarbon":4.11306666666667,"ElementalCarbon":1.25386666666667,"Nitrate":0.555333333333333,"Sulfate":0.875333333333333,"SumOfSpecies":7.4237070000000065}],"Annual":[{"Season":"Annual","year":"2022","Sea-salt":0.13528025,"Crustal":0.4676945,"OrganicCarbon":3.3262947916666676,"ElementalCarbon":0.8982260416666675,"Nitrate":0.3161354166666665,"Sulfate":0.8339895833333333,"SumOfSpecies":5.977620583333335}]}