{"Q3":[],"Q1":[{"Season":"Q1","year":"2022","Sea-salt":0.094307,"Crustal":0.456653,"OrganicCarbon":2.45316666666667,"ElementalCarbon":0.756416666666667,"Nitrate":0.74,"Sulfate":0.768,"SumOfSpecies":5.268543333333336}],"Q2":[{"Season":"Q2","year":"2022","Sea-salt":0.056419,"Crustal":0.729387,"OrganicCarbon":3.49257142857143,"ElementalCarbon":0.836071428571428,"Nitrate":0.270666666666667,"Sulfate":0.917333333333333,"SumOfSpecies":6.302448857142857}],"Q4":[{"Season":"Q4","year":"2022","Sea-salt":0.159388,"Crustal":0.414779,"OrganicCarbon":3.11693333333333,"ElementalCarbon":1.07586666666667,"Nitrate":0.588125,"Sulfate":0.71125,"SumOfSpecies":6.066342}],"Annual":[]}