{"Q1":[{"Season":"Q1","year":"2005","Sea-salt":0.137604,"Crustal":1.287218,"OrganicCarbon":1.627278,"ElementalCarbon":0.467863,"Nitrate":4.94066666666667,"Sulfate":3.66266666666667,"SumOfSpecies":12.12329633333334}],"Q2":[{"Season":"Q2","year":"2005","Sea-salt":0.030934,"Crustal":1.068303,"OrganicCarbon":2.740421,"ElementalCarbon":0.561853,"Nitrate":1.76185714285714,"Sulfate":5.20214285714286,"SumOfSpecies":11.365511}],"Q3":[{"Season":"Q3","year":"2005","Sea-salt":0.014206,"Crustal":0.958058,"OrganicCarbon":2.068006,"ElementalCarbon":0.430703,"Nitrate":0.855769230769231,"Sulfate":8.19769230769231,"SumOfSpecies":12.524434538461541}],"Annual":[]}