{"Q2":[{"Season":"Q2","year":"2021","Sea-salt":0.041974,"Crustal":0.733975,"OrganicCarbon":1.13157142857143,"ElementalCarbon":0.214,"Nitrate":0.929285714285714,"Sulfate":0.716428571428571,"SumOfSpecies":3.767234714285715},{"Season":"Q2","year":"2022","Sea-salt":0.039387,"Crustal":1.298827,"OrganicCarbon":1.12831818181818,"ElementalCarbon":0.229681818181818,"Nitrate":0.696190476190476,"Sulfate":0.703809523809524,"SumOfSpecies":4.096213999999998}],"Q1":[{"Season":"Q1","year":"2022","Sea-salt":0.082745,"Crustal":0.539376,"OrganicCarbon":0.4733125,"ElementalCarbon":0.14675,"Nitrate":1.20375,"Sulfate":0.606875,"SumOfSpecies":3.0528085}],"Q3":[{"Season":"Q3","year":"2022","Sea-salt":0.04696,"Crustal":0.845539,"OrganicCarbon":1.42642857142857,"ElementalCarbon":0.286035714285714,"Nitrate":0.391071428571429,"Sulfate":0.853928571428571,"SumOfSpecies":3.8499632857142845}],"Q4":[{"Season":"Q4","year":"2022","Sea-salt":0.105337,"Crustal":1.90723,"OrganicCarbon":1.13976923076923,"ElementalCarbon":0.295192307692308,"Nitrate":1.14307692307692,"Sulfate":0.618846153846154,"SumOfSpecies":5.209451615384611}],"Annual":[{"Season":"Annual","year":"2022","Sea-salt":0.06860725,"Crustal":1.147743,"OrganicCarbon":1.041957121003995,"ElementalCarbon":0.23941496003996,"Nitrate":0.8585222069597063,"Sulfate":0.6958648122710622,"SumOfSpecies":4.052109350274724}]}