{"Q3":[{"Season":"Q3","year":"2000","Sea-salt":0.026386,"Crustal":0.71241,"OrganicCarbon":1.744514,"ElementalCarbon":0.298178,"Nitrate":0.326136363636364,"Sulfate":4.79568181818182,"SumOfSpecies":7.903306181818184}],"Q4":[{"Season":"Q4","year":"2000","Sea-salt":0.023054,"Crustal":0.382015,"OrganicCarbon":2.208072,"ElementalCarbon":0.376835,"Nitrate":1.04175,"Sulfate":3.73041666666667,"SumOfSpecies":7.762142666666669}],"Q1":[{"Season":"Q1","year":"2001","Sea-salt":0.024508,"Crustal":0.507037,"OrganicCarbon":1.620635,"ElementalCarbon":0.27916,"Nitrate":1.43386875,"Sulfate":3.29895625,"SumOfSpecies":7.164165}],"Q2":[{"Season":"Q2","year":"2001","Sea-salt":0.038981,"Crustal":0.573573,"OrganicCarbon":1.325786,"ElementalCarbon":0.239616,"Nitrate":0.509384615384615,"Sulfate":3.60908823529412,"SumOfSpecies":6.296428850678735}],"Annual":[]}