{"Q3":[{"Season":"Q3","year":"2000","Sea-salt":0.015805,"Crustal":0.87032,"OrganicCarbon":2.725251,"ElementalCarbon":0.442147,"Nitrate":0.318124444444444,"Sulfate":5.05133333333333,"SumOfSpecies":9.422980777777774}],"Q4":[{"Season":"Q4","year":"2000","Sea-salt":0.0243,"Crustal":0.496335,"OrganicCarbon":3.196232,"ElementalCarbon":0.521296,"Nitrate":0.983535714285714,"Sulfate":4.44785714285714,"SumOfSpecies":9.669555857142853}],"Q1":[{"Season":"Q1","year":"2001","Sea-salt":0.03348,"Crustal":0.44633,"OrganicCarbon":2.148354,"ElementalCarbon":0.332614,"Nitrate":0.997959259259259,"Sulfate":3.35881481481481,"SumOfSpecies":7.317552074074069}],"Q2":[{"Season":"Q2","year":"2001","Sea-salt":0.045,"Crustal":1.13622,"OrganicCarbon":1.974593,"ElementalCarbon":0.442511,"Nitrate":0.547954545454545,"Sulfate":4.15995161290323,"SumOfSpecies":8.306230158357774}],"Annual":[]}