{"Q4":[{"Season":"Q4","year":"2022","Sea-salt":0.155427,"Crustal":0.474454,"OrganicCarbon":1.56414285714286,"ElementalCarbon":0.483357142857143,"Nitrate":2.045,"Sulfate":0.614285714285714,"SumOfSpecies":5.336666714285716}],"Annual":[]}