{"Q3":[{"Season":"Q3","year":"2017","Sea-salt":0.093306,"Crustal":0.540411,"OrganicCarbon":2.09966666666667,"ElementalCarbon":0.3846,"Nitrate":0.115,"Sulfate":1.16428571428571,"SumOfSpecies":4.3972693809523795},{"Season":"Q3","year":"2018","Sea-salt":0.024833,"Crustal":0.545697,"OrganicCarbon":2.432375,"ElementalCarbon":0.422625,"Nitrate":0.108,"Sulfate":0.893333333333333,"SumOfSpecies":4.426863333333333}],"Q4":[{"Season":"Q4","year":"2017","Sea-salt":0.021214,"Crustal":0.230554,"OrganicCarbon":2.979,"ElementalCarbon":0.712,"Nitrate":0.378571428571429,"Sulfate":0.868571428571428,"SumOfSpecies":5.189910857142857},{"Season":"Q4","year":"2018","Sea-salt":0.00084,"Crustal":0.349786,"OrganicCarbon":2.344,"ElementalCarbon":0.6105,"Nitrate":0.359333333333333,"Sulfate":0.898666666666667,"SumOfSpecies":4.563126}],"Q1":[{"Season":"Q1","year":"2018","Sea-salt":0.15234,"Crustal":0.248521,"OrganicCarbon":3.8855,"ElementalCarbon":0.870071428571428,"Nitrate":0.528666666666667,"Sulfate":0.972,"SumOfSpecies":6.657099095238095}],"Q2":[{"Season":"Q2","year":"2018","Sea-salt":0.00336,"Crustal":1.204556,"OrganicCarbon":2.71230769230769,"ElementalCarbon":0.533923076923077,"Nitrate":0.264,"Sulfate":1.242,"SumOfSpecies":5.960146769230767}],"Annual":[{"Season":"Annual","year":"2018","Sea-salt":0.04534325,"Crustal":0.58714,"OrganicCarbon":2.8435456730769224,"ElementalCarbon":0.6092798763736262,"Nitrate":0.315,"Sulfate":1.0015,"SumOfSpecies":5.401808799450549}]}