{"Q2":[{"Season":"Q2","year":"2006","Sea-salt":0.023236,"Crustal":1.749068,"OrganicCarbon":1.22336363636364,"ElementalCarbon":0.175181818181818,"Nitrate":0.200363636363636,"Sulfate":0.867636363636364,"SumOfSpecies":4.238849454545458}],"Annual":[]}