{"Q2":[{"Season":"Q2","year":"2003","Sea-salt":0.100344,"Crustal":4.604867,"OrganicCarbon":2.343171,"ElementalCarbon":0.651001,"Nitrate":0.601266666666667,"Sulfate":1.46066666666667,"SumOfSpecies":9.761316333333337}],"Q3":[{"Season":"Q3","year":"2003","Sea-salt":0.117214,"Crustal":2.77283,"OrganicCarbon":2.310519,"ElementalCarbon":0.726303,"Nitrate":0.581375,"Sulfate":1.609125,"SumOfSpecies":8.117366},{"Season":"Q3","year":"2010","Sea-salt":0.124602,"Crustal":1.476199,"OrganicCarbon":1.94285714285714,"ElementalCarbon":0.580428571428571,"Nitrate":0.353384615384615,"Sulfate":1.19023076923077,"SumOfSpecies":5.667702098901096}],"Q4":[{"Season":"Q4","year":"2003","Sea-salt":0.120503,"Crustal":3.713291,"OrganicCarbon":5.25945,"ElementalCarbon":1.846448,"Nitrate":1.58453333333333,"Sulfate":0.8464,"SumOfSpecies":13.37062533333333},{"Season":"Q4","year":"2010","Sea-salt":0.061335,"Crustal":1.684175,"OrganicCarbon":2.89666666666667,"ElementalCarbon":1.156,"Nitrate":0.92425,"Sulfate":0.7245,"SumOfSpecies":7.446926666666669}],"Q1":[{"Season":"Q1","year":"2011","Sea-salt":0.165738,"Crustal":2.258944,"OrganicCarbon":3.23333333333333,"ElementalCarbon":1.23941666666667,"Nitrate":2.45469230769231,"Sulfate":0.545076923076923,"SumOfSpecies":9.897201230769232}],"Annual":[]}