{"Q4":[{"Season":"Q4","year":"2014","Sea-salt":0.212906,"Crustal":1.158766,"OrganicCarbon":9.610625,"ElementalCarbon":2.6544375,"Nitrate":2.5931875,"Sulfate":0.5484375,"SumOfSpecies":16.7783595}],"Annual":[]}