{"Q2":[{"Season":"Q2","year":"2000","Sea-salt":0.090553,"Crustal":0.874521,"OrganicCarbon":2.239308,"ElementalCarbon":0.854637,"Nitrate":2.03533333333333,"Sulfate":3.68738148148148,"SumOfSpecies":9.78173381481481}],"Q3":[{"Season":"Q3","year":"2000","Sea-salt":0.028394,"Crustal":0.676305,"OrganicCarbon":1.467885,"ElementalCarbon":0.867795,"Nitrate":1.35323333333333,"Sulfate":4.48886666666667,"SumOfSpecies":8.882479}],"Annual":[]}