{"Q2":[{"Season":"Q2","year":"2001","Sea-salt":0.002215,"Crustal":0.98617,"OrganicCarbon":2.65946,"ElementalCarbon":0.5921,"Nitrate":2.62084615384615,"Sulfate":5.70692307692308,"SumOfSpecies":12.56771423076923}],"Q3":[{"Season":"Q3","year":"2001","Sea-salt":0.0018,"Crustal":0.611197,"OrganicCarbon":2.327533,"ElementalCarbon":0.547175,"Nitrate":1.53226666666667,"Sulfate":4.26466666666667,"SumOfSpecies":9.28463833333334}],"Q4":[{"Season":"Q4","year":"2001","Sea-salt":0.006135,"Crustal":0.572833,"OrganicCarbon":2.839402,"ElementalCarbon":0.825668,"Nitrate":3.66691666666667,"Sulfate":2.55666666666667,"SumOfSpecies":10.46762133333334}],"Q1":[{"Season":"Q1","year":"2002","Sea-salt":0.024231,"Crustal":0.529473,"OrganicCarbon":2.197658,"ElementalCarbon":0.552167,"Nitrate":4.04153846153846,"Sulfate":2.48846153846154,"SumOfSpecies":9.833529}],"Annual":[]}