{"Q4":[{"Season":"Q4","year":"2017","Sea-salt":0.012466,"Crustal":0.806595,"OrganicCarbon":0.635862068965517,"ElementalCarbon":0.130344827586207,"Nitrate":0.281827586206897,"Sulfate":0.520758620689655,"SumOfSpecies":2.3878541034482756},{"Season":"Q4","year":"2018","Sea-salt":0.017042,"Crustal":0.452031,"OrganicCarbon":0.427333333333333,"ElementalCarbon":0.184666666666667,"Nitrate":0.517551724137931,"Sulfate":0.743172413793103,"SumOfSpecies":2.341797137931034}],"Q1":[{"Season":"Q1","year":"2018","Sea-salt":0.0045,"Crustal":1.613895,"OrganicCarbon":0.525909090909091,"ElementalCarbon":0.14,"Nitrate":0.273727272727273,"Sulfate":0.470909090909091,"SumOfSpecies":3.028940454545455}],"Q2":[{"Season":"Q2","year":"2018","Sea-salt":0.048505,"Crustal":3.108828,"OrganicCarbon":0.910384615384615,"ElementalCarbon":0.158846153846154,"Nitrate":0.279925925925926,"Sulfate":1.04640740740741,"SumOfSpecies":5.5528971025641045}],"Q3":[{"Season":"Q3","year":"2018","Sea-salt":0.003867,"Crustal":2.358564,"OrganicCarbon":0.8036,"ElementalCarbon":0.1928,"Nitrate":0.254,"Sulfate":1.33596296296296,"SumOfSpecies":4.948793962962959}],"Annual":[{"Season":"Annual","year":"2018","Sea-salt":0.018478500000000002,"Crustal":1.8833294999999999,"OrganicCarbon":0.6668067599067597,"ElementalCarbon":0.16907820512820523,"Nitrate":0.3313012306977825,"Sulfate":0.8991129687681408,"SumOfSpecies":3.9681071645008887}]}