{"Q4":[{"Season":"Q4","year":"2017","Sea-salt":0.0156,"Crustal":0.659366,"OrganicCarbon":2.22478571428571,"ElementalCarbon":0.813357142857143,"Nitrate":2.10066666666667,"Sulfate":0.99,"SumOfSpecies":6.803775523809523}],"Q1":[{"Season":"Q1","year":"2018","Sea-salt":0.330163,"Crustal":0.337459,"OrganicCarbon":1.48266666666667,"ElementalCarbon":0.406133333333333,"Nitrate":2.08466666666667,"Sulfate":1.06066666666667,"SumOfSpecies":5.7017553333333435}],"Q2":[{"Season":"Q2","year":"2018","Sea-salt":0.232288,"Crustal":1.127162,"OrganicCarbon":2.14085714285714,"ElementalCarbon":0.689214285714286,"Nitrate":1.30466666666667,"Sulfate":1.364,"SumOfSpecies":6.858188095238096}],"Q3":[{"Season":"Q3","year":"2018","Sea-salt":0.153645,"Crustal":0.661522,"OrganicCarbon":2.830875,"ElementalCarbon":0.7864375,"Nitrate":0.276875,"Sulfate":1.224375,"SumOfSpecies":5.9337295}],"Annual":[]}