{"Q3":[{"Season":"Q3","year":"2017","Sea-salt":0.283256,"Crustal":2.60762,"OrganicCarbon":3.37758333333333,"ElementalCarbon":1.01091666666667,"Nitrate":0.379333333333333,"Sulfate":1.55533333333333,"SumOfSpecies":9.214042666666664},{"Season":"Q3","year":"2018","Sea-salt":0.11844,"Crustal":2.367445,"OrganicCarbon":2.92254545454545,"ElementalCarbon":1.09509090909091,"Nitrate":0.360625,"Sulfate":1.355,"SumOfSpecies":8.21914636363636}],"Q4":[],"Q1":[{"Season":"Q1","year":"2018","Sea-salt":0.1428,"Crustal":1.463465,"OrganicCarbon":1.51053333333333,"ElementalCarbon":0.4894,"Nitrate":2.098,"Sulfate":1.06533333333333,"SumOfSpecies":6.769531666666659}],"Q2":[{"Season":"Q2","year":"2018","Sea-salt":0.040015,"Crustal":2.211815,"OrganicCarbon":2.37873333333333,"ElementalCarbon":0.816133333333333,"Nitrate":1.53,"Sulfate":1.38769230769231,"SumOfSpecies":8.364388974358972}],"Annual":[]}