{"Q1":[{"Season":"Q1","year":"2008","Sea-salt":0.086302,"Crustal":0.320644,"OrganicCarbon":3.653114,"ElementalCarbon":0.860817,"Nitrate":1.41345454545455,"Sulfate":2.65090909090909,"SumOfSpecies":8.98524063636364},{"Season":"Q1","year":"2009","Sea-salt":0.014592,"Crustal":0.202321,"OrganicCarbon":2.726602,"ElementalCarbon":0.506077,"Nitrate":1.51093333333333,"Sulfate":1.8026,"SumOfSpecies":6.763125333333329}],"Q2":[{"Season":"Q2","year":"2008","Sea-salt":0.01032,"Crustal":0.696009,"OrganicCarbon":3.155211,"ElementalCarbon":0.417392,"Nitrate":0.3976,"Sulfate":4.09866666666667,"SumOfSpecies":8.775198666666668},{"Season":"Q2","year":"2009","Sea-salt":0.016425,"Crustal":0.292233,"OrganicCarbon":2.429979,"ElementalCarbon":0.242996,"Nitrate":0.4026875,"Sulfate":2.388125,"SumOfSpecies":5.7724455}],"Q3":[{"Season":"Q3","year":"2008","Sea-salt":0.011676,"Crustal":0.562431,"OrganicCarbon":3.273369,"ElementalCarbon":0.52915,"Nitrate":0.398,"Sulfate":5.20466666666667,"SumOfSpecies":9.97929266666667}],"Q4":[{"Season":"Q4","year":"2008","Sea-salt":0.017088,"Crustal":0.299151,"OrganicCarbon":3.608147,"ElementalCarbon":0.793042,"Nitrate":1.02506666666667,"Sulfate":2.12066666666667,"SumOfSpecies":7.863161333333339}],"Annual":[{"Season":"Annual","year":"2008","Sea-salt":0.0313465,"Crustal":0.46955874999999997,"OrganicCarbon":3.4224602500000003,"ElementalCarbon":0.6501002499999999,"Nitrate":0.808530303030305,"Sulfate":3.518727272727275,"SumOfSpecies":8.90072332575758}]}