{"Q4":[{"Season":"Q4","year":"2018","Sea-salt":0.002012,"Crustal":0.172464,"OrganicCarbon":0.833125,"ElementalCarbon":0.1775,"Nitrate":1.24241176470588,"Sulfate":0.254235294117647,"SumOfSpecies":2.681748058823527}],"Annual":[]}