{"Q4":[{"Season":"Q4","year":"2013","Sea-salt":0.25071,"Crustal":0.112512,"OrganicCarbon":22.065,"ElementalCarbon":5.21994444444444,"Nitrate":0.686444444444444,"Sulfate":2.84816666666667,"SumOfSpecies":31.182777555555557}],"Q1":[{"Season":"Q1","year":"2014","Sea-salt":0.180936,"Crustal":0.137128,"OrganicCarbon":20.3726666666667,"ElementalCarbon":3.69326666666667,"Nitrate":0.7946,"Sulfate":2.44226666666667,"SumOfSpecies":27.620864000000036}],"Annual":[]}