{"Q3":[{"Season":"Q3","year":"2015","Sea-salt":0.509595,"Crustal":0.099189,"OrganicCarbon":0.298181818181818,"ElementalCarbon":0.0572727272727273,"Nitrate":0.0628181818181818,"Sulfate":0.189727272727273,"SumOfSpecies":1.216784},{"Season":"Q3","year":"2016","Sea-salt":0.3276,"Crustal":0.195409,"OrganicCarbon":0.490967741935484,"ElementalCarbon":0.0580645161290323,"Nitrate":0.0951935483870968,"Sulfate":0.517354838709677,"SumOfSpecies":1.68458964516129}],"Q4":[{"Season":"Q4","year":"2015","Sea-salt":0.461708,"Crustal":0.088572,"OrganicCarbon":0.307142857142857,"ElementalCarbon":0.0360714285714286,"Nitrate":0.0852142857142857,"Sulfate":0.16225,"SumOfSpecies":1.1409585714285715},{"Season":"Q4","year":"2016","Sea-salt":0.20508,"Crustal":0.351824,"OrganicCarbon":0.330357142857143,"ElementalCarbon":0.0607142857142857,"Nitrate":0.0765,"Sulfate":0.205071428571429,"SumOfSpecies":1.2295468571428578}],"Q1":[{"Season":"Q1","year":"2016","Sea-salt":0.493761,"Crustal":0.149803,"OrganicCarbon":0.232903225806452,"ElementalCarbon":0.0270967741935484,"Nitrate":0.0816451612903226,"Sulfate":0.141290322580645,"SumOfSpecies":1.126499483870968}],"Q2":[{"Season":"Q2","year":"2016","Sea-salt":0.631456,"Crustal":0.298467,"OrganicCarbon":0.420666666666667,"ElementalCarbon":0.0353333333333333,"Nitrate":0.1055,"Sulfate":0.3246,"SumOfSpecies":1.8160230000000002}],"Annual":[{"Season":"Annual","year":"2016","Sea-salt":0.41447425,"Crustal":0.24887574999999998,"OrganicCarbon":0.36872369431643653,"ElementalCarbon":0.045302227342549926,"Nitrate":0.08970967741935486,"Sulfate":0.29707914746543773,"SumOfSpecies":1.464164746543779}]}