{"Q4":[{"Season":"Q4","year":"2015","Sea-salt":0.036043,"Crustal":1.650187,"OrganicCarbon":1.18894736842105,"ElementalCarbon":0.172631578947368,"Nitrate":0.178894736842105,"Sulfate":0.208736842105263,"SumOfSpecies":3.4354405263157854},{"Season":"Q4","year":"2016","Sea-salt":0.00282,"Crustal":1.652554,"OrganicCarbon":0.6325,"ElementalCarbon":0.209285714285714,"Nitrate":0.122678571428571,"Sulfate":0.333714285714286,"SumOfSpecies":2.9535525714285713}],"Q1":[{"Season":"Q1","year":"2016","Sea-salt":0.015467,"Crustal":1.203242,"OrganicCarbon":0.352962962962963,"ElementalCarbon":0.118888888888889,"Nitrate":0.147666666666667,"Sulfate":0.185185185185185,"SumOfSpecies":2.0234127037037037}],"Q2":[{"Season":"Q2","year":"2016","Sea-salt":0.080778,"Crustal":3.442851,"OrganicCarbon":0.828260869565217,"ElementalCarbon":0.115217391304348,"Nitrate":0.18204347826087,"Sulfate":0.435,"SumOfSpecies":5.084150739130435}],"Q3":[{"Season":"Q3","year":"2016","Sea-salt":0.012365,"Crustal":2.43817,"OrganicCarbon":0.91304347826087,"ElementalCarbon":0.163478260869565,"Nitrate":0.148739130434783,"Sulfate":0.535086956521739,"SumOfSpecies":4.210882826086957}],"Annual":[{"Season":"Annual","year":"2016","Sea-salt":0.0278575,"Crustal":2.18420425,"OrganicCarbon":0.6816918276972624,"ElementalCarbon":0.15171756383712898,"Nitrate":0.15028196169772276,"Sulfate":0.37224660685530253,"SumOfSpecies":3.5679997100874172}]}