{"Q4":[{"Season":"Q4","year":"2015","Sea-salt":0.18054,"Crustal":2.363869,"OrganicCarbon":3.6825,"ElementalCarbon":1.2235,"Nitrate":0.472888888888889,"Sulfate":0.315666666666667,"SumOfSpecies":8.238964555555556},{"Season":"Q4","year":"2016","Sea-salt":0.269463,"Crustal":3.492624,"OrganicCarbon":2.6152,"ElementalCarbon":1.0544,"Nitrate":0.307703703703704,"Sulfate":0.546222222222222,"SumOfSpecies":8.285612925925927}],"Q1":[{"Season":"Q1","year":"2016","Sea-salt":0.244929,"Crustal":3.518779,"OrganicCarbon":4.06225806451613,"ElementalCarbon":1.20516129032258,"Nitrate":0.489714285714286,"Sulfate":0.384321428571429,"SumOfSpecies":9.905163069124425}],"Q2":[{"Season":"Q2","year":"2016","Sea-salt":0.08562,"Crustal":2.839109,"OrganicCarbon":1.236,"ElementalCarbon":0.368,"Nitrate":0.298068965517241,"Sulfate":0.734793103448276,"SumOfSpecies":5.561591068965518}],"Q3":[{"Season":"Q3","year":"2016","Sea-salt":0.062477,"Crustal":1.492364,"OrganicCarbon":1.03225806451613,"ElementalCarbon":0.354193548387097,"Nitrate":0.236193548387097,"Sulfate":0.915322580645161,"SumOfSpecies":4.092808741935485}],"Annual":[{"Season":"Annual","year":"2016","Sea-salt":0.16562225,"Crustal":2.835719,"OrganicCarbon":2.236429032258065,"ElementalCarbon":0.7454387096774193,"Nitrate":0.332920125830582,"Sulfate":0.645164833721772,"SumOfSpecies":6.961293951487838}]}