{"Q3":[{"Season":"Q3","year":"2004","Sea-salt":0.066217,"Crustal":1.509269,"OrganicCarbon":1.917928,"ElementalCarbon":0.506618,"Nitrate":0.37225,"Sulfate":1.1965,"SumOfSpecies":5.568782000000001},{"Season":"Q3","year":"2005","Sea-salt":0.082392,"Crustal":1.66164,"OrganicCarbon":2.179837,"ElementalCarbon":0.538523,"Nitrate":0.374266666666667,"Sulfate":1.44666666666667,"SumOfSpecies":6.2833253333333365}],"Q4":[{"Season":"Q4","year":"2004","Sea-salt":0.01467,"Crustal":0.973547,"OrganicCarbon":2.588173,"ElementalCarbon":1.008626,"Nitrate":1.7035,"Sulfate":0.914,"SumOfSpecies":7.202515999999999},{"Season":"Q4","year":"2005","Sea-salt":0.037877,"Crustal":3.319602,"OrganicCarbon":4.457836,"ElementalCarbon":1.723875,"Nitrate":1.77373333333333,"Sulfate":1.08,"SumOfSpecies":12.39292333333333}],"Q1":[{"Season":"Q1","year":"2005","Sea-salt":0.008988,"Crustal":0.965846,"OrganicCarbon":2.739179,"ElementalCarbon":1.022274,"Nitrate":1.80171428571429,"Sulfate":0.776785714285714,"SumOfSpecies":7.314787000000004}],"Q2":[{"Season":"Q2","year":"2005","Sea-salt":0.078168,"Crustal":1.803003,"OrganicCarbon":1.969007,"ElementalCarbon":0.468584,"Nitrate":0.419333333333333,"Sulfate":1.35233333333333,"SumOfSpecies":6.0904286666666625}],"Annual":[{"Season":"Annual","year":"2005","Sea-salt":0.05185625,"Crustal":1.9375227499999998,"OrganicCarbon":2.83646475,"ElementalCarbon":0.938314,"Nitrate":1.092261904761905,"Sulfate":1.1639464285714285,"SumOfSpecies":8.020366083333334}]}