{"Q3":[{"Season":"Q3","year":"2016","Sea-salt":0.080509,"Crustal":0.585489,"OrganicCarbon":2.12940909090909,"ElementalCarbon":0.3602,"Nitrate":1.41347826086957,"Sulfate":1.74826086956522,"SumOfSpecies":6.31734622134388}],"Q4":[{"Season":"Q4","year":"2016","Sea-salt":0.08364,"Crustal":0.705561,"OrganicCarbon":3.31648,"ElementalCarbon":0.79972,"Nitrate":1.36066666666667,"Sulfate":0.624666666666667,"SumOfSpecies":6.890734333333337}],"Annual":[]}