{"Q4":[{"Season":"Q4","year":"2016","Sea-salt":0.061586,"Crustal":2.533095,"OrganicCarbon":2.17514285714286,"ElementalCarbon":1.154,"Nitrate":1.08714285714286,"Sulfate":0.628571428571428,"SumOfSpecies":7.639538142857148}],"Annual":[]}