{"Q3":[{"Season":"Q3","year":"2003","Sea-salt":0.043186,"Crustal":0.50128,"OrganicCarbon":2.491714,"ElementalCarbon":0.941932,"Nitrate":1.03919230769231,"Sulfate":5.265,"SumOfSpecies":10.28230430769231}],"Q4":[{"Season":"Q4","year":"2003","Sea-salt":0.14927,"Crustal":0.390425,"OrganicCarbon":2.076342,"ElementalCarbon":1.103876,"Nitrate":1.18988888888889,"Sulfate":2.69272222222222,"SumOfSpecies":7.60252411111111}],"Q1":[{"Season":"Q1","year":"2004","Sea-salt":0.113358,"Crustal":0.495326,"OrganicCarbon":2.423547,"ElementalCarbon":0.950667,"Nitrate":2.74915384615385,"Sulfate":3.07230769230769,"SumOfSpecies":9.80435953846154}],"Annual":[]}