{"Q1":[{"Season":"Q1","year":"2005","Sea-salt":0.024591,"Crustal":0.377567,"OrganicCarbon":1.357897,"ElementalCarbon":0.545209,"Nitrate":4.68216666666667,"Sulfate":4.80833333333333,"SumOfSpecies":11.795764}],"Q2":[{"Season":"Q2","year":"2005","Sea-salt":0.006708,"Crustal":0.368451,"OrganicCarbon":2.055887,"ElementalCarbon":0.360432,"Nitrate":1.16553333333333,"Sulfate":6.58533333333333,"SumOfSpecies":10.54234466666666}],"Q3":[{"Season":"Q3","year":"2005","Sea-salt":0.002448,"Crustal":0.520627,"OrganicCarbon":2.449165,"ElementalCarbon":0.372689,"Nitrate":0.513733333333333,"Sulfate":9.36333333333333,"SumOfSpecies":13.221995666666663}],"Q4":[{"Season":"Q4","year":"2005","Sea-salt":0.00747,"Crustal":0.393807,"OrganicCarbon":2.250788,"ElementalCarbon":0.594492,"Nitrate":2.267875,"Sulfate":4.53125,"SumOfSpecies":10.045682}],"Annual":[{"Season":"Annual","year":"2005","Sea-salt":0.01030425,"Crustal":0.415113,"OrganicCarbon":2.02843425,"ElementalCarbon":0.4682055,"Nitrate":2.157327083333333,"Sulfate":6.322062499999998,"SumOfSpecies":11.401446583333332}]}