{"Q1":[{"Season":"Q1","year":"2002","Sea-salt":0.131462,"Crustal":0.791232,"OrganicCarbon":3.400356,"ElementalCarbon":0.895029,"Nitrate":2.90124489795918,"Sulfate":3.67877551020408,"SumOfSpecies":11.79809940816326}],"Q2":[{"Season":"Q2","year":"2002","Sea-salt":0.010676,"Crustal":0.964126,"OrganicCarbon":2.912164,"ElementalCarbon":0.8304,"Nitrate":1.74140625,"Sulfate":5.6234375,"SumOfSpecies":12.08220975}],"Q3":[{"Season":"Q3","year":"2002","Sea-salt":0.00279,"Crustal":1.017399,"OrganicCarbon":5.313316,"ElementalCarbon":0.912814,"Nitrate":0.911192307692308,"Sulfate":7.66423076923077,"SumOfSpecies":15.821742076923078}],"Q4":[{"Season":"Q4","year":"2002","Sea-salt":0.137289,"Crustal":0.686265,"OrganicCarbon":4.325948,"ElementalCarbon":1.286429,"Nitrate":2.59111764705882,"Sulfate":3.72823529411765,"SumOfSpecies":12.755283941176469}],"Annual":[{"Season":"Annual","year":"2002","Sea-salt":0.07055424999999999,"Crustal":0.8647555000000001,"OrganicCarbon":3.987946,"ElementalCarbon":0.981168,"Nitrate":2.036240275677577,"Sulfate":5.173669768388124,"SumOfSpecies":13.1143337940657}]}