{"Q4":[{"Season":"Q4","year":"2016","Sea-salt":0.005529,"Crustal":0.439924,"OrganicCarbon":1.62438461538462,"ElementalCarbon":0.544307692307692,"Nitrate":1.07,"Sulfate":0.78875,"SumOfSpecies":4.472895307692312}],"Annual":[]}