{"Q1":[{"Season":"Q1","year":"2015","Sea-salt":0.098532,"Crustal":0.304846,"OrganicCarbon":2.35285714285714,"ElementalCarbon":0.694785714285714,"Nitrate":2.93626666666667,"Sulfate":1.59446666666667,"SumOfSpecies":7.981754190476194},{"Season":"Q1","year":"2016","Sea-salt":0.04995,"Crustal":0.574599,"OrganicCarbon":2.0024375,"ElementalCarbon":0.6863125,"Nitrate":1.863125,"Sulfate":1.3925,"SumOfSpecies":6.568924}],"Q2":[{"Season":"Q2","year":"2015","Sea-salt":0.034152,"Crustal":0.732805,"OrganicCarbon":2.36276923076923,"ElementalCarbon":0.556153846153846,"Nitrate":0.907133333333333,"Sulfate":1.92286666666667,"SumOfSpecies":6.51588007692308},{"Season":"Q2","year":"2016","Sea-salt":0.00708,"Crustal":0.448154,"OrganicCarbon":1.62213333333333,"ElementalCarbon":0.4674,"Nitrate":0.899333333333333,"Sulfate":0.929333333333333,"SumOfSpecies":4.373433999999996}],"Q3":[{"Season":"Q3","year":"2016","Sea-salt":0.0036,"Crustal":0.427951,"OrganicCarbon":1.909,"ElementalCarbon":0.486533333333333,"Nitrate":0.258,"Sulfate":1.29533333333333,"SumOfSpecies":4.380417666666663}],"Q4":[],"Annual":[]}