{"Q1":[{"Season":"Q1","year":"2001","Sea-salt":0.570343,"Crustal":2.183217,"OrganicCarbon":5.94117,"ElementalCarbon":1.971905,"Nitrate":1.6262,"Sulfate":1.71906666666667,"SumOfSpecies":14.01190166666667}],"Q2":[{"Season":"Q2","year":"2001","Sea-salt":0.025875,"Crustal":3.996262,"OrganicCarbon":2.294771,"ElementalCarbon":0.927061,"Nitrate":0.406454545454545,"Sulfate":1.949125,"SumOfSpecies":9.599548545454544}],"Q3":[],"Q4":[],"Annual":[]}