{"Q3":[{"Season":"Q3","year":"2000","Sea-salt":0.011983,"Crustal":0.664878,"OrganicCarbon":1.183403,"ElementalCarbon":0.136453,"Nitrate":0.253028571428571,"Sulfate":4.92980952380952,"SumOfSpecies":7.179555095238091}],"Q4":[{"Season":"Q4","year":"2000","Sea-salt":0.161229,"Crustal":0.301493,"OrganicCarbon":0.875668,"ElementalCarbon":0.11817,"Nitrate":0.448555555555556,"Sulfate":4.18272592592593,"SumOfSpecies":6.087841481481487}],"Q1":[{"Season":"Q1","year":"2001","Sea-salt":0.073059,"Crustal":0.369338,"OrganicCarbon":1.241717,"ElementalCarbon":0.135847,"Nitrate":0.624667741935484,"Sulfate":3.83014516129032,"SumOfSpecies":6.274773903225804}],"Q2":[{"Season":"Q2","year":"2001","Sea-salt":0.117707,"Crustal":0.984011,"OrganicCarbon":0.243706,"ElementalCarbon":0.059743,"Nitrate":0.317225,"Sulfate":3.58920689655172,"SumOfSpecies":5.31159889655172}],"Annual":[]}