{"Q3":[{"Season":"Q3","year":"2000","Sea-salt":0.01696,"Crustal":0.889898,"OrganicCarbon":1.917682,"ElementalCarbon":0.322513,"Nitrate":0.255033333333333,"Sulfate":5.39266666666667,"SumOfSpecies":8.794753000000002}],"Q4":[{"Season":"Q4","year":"2000","Sea-salt":0.020186,"Crustal":0.350334,"OrganicCarbon":2.326246,"ElementalCarbon":0.36612,"Nitrate":0.816674074074074,"Sulfate":4.15288888888889,"SumOfSpecies":8.032448962962963}],"Q1":[{"Season":"Q1","year":"2001","Sea-salt":0.022968,"Crustal":0.312931,"OrganicCarbon":1.625062,"ElementalCarbon":0.297014,"Nitrate":0.999826086956522,"Sulfate":3.60304347826087,"SumOfSpecies":6.860844565217392}],"Q2":[{"Season":"Q2","year":"2001","Sea-salt":0.07824,"Crustal":0.909498,"OrganicCarbon":1.326383,"ElementalCarbon":0.285085,"Nitrate":0.401352380952381,"Sulfate":4.18894838709677,"SumOfSpecies":7.189506768049151}],"Annual":[]}