{"Q3":[{"Season":"Q3","year":"2000","Sea-salt":0.042873,"Crustal":0.424456,"OrganicCarbon":2.413999,"ElementalCarbon":0.192976,"Nitrate":0.356457142857143,"Sulfate":4.42908571428571,"SumOfSpecies":7.859846857142853}],"Q4":[{"Season":"Q4","year":"2000","Sea-salt":0.0936,"Crustal":0.20347,"OrganicCarbon":2.076449,"ElementalCarbon":0.193877,"Nitrate":0.72706,"Sulfate":4.1727,"SumOfSpecies":7.467156}],"Q1":[{"Season":"Q1","year":"2001","Sea-salt":0.016369,"Crustal":0.179909,"OrganicCarbon":1.229666,"ElementalCarbon":0.107936,"Nitrate":0.80451935483871,"Sulfate":3.57788387096774,"SumOfSpecies":5.91628322580645}],"Q2":[{"Season":"Q2","year":"2001","Sea-salt":0.082435,"Crustal":0.927089,"OrganicCarbon":0.777116,"ElementalCarbon":0.080153,"Nitrate":0.376541666666667,"Sulfate":3.79242424242424,"SumOfSpecies":6.035758909090907}],"Annual":[]}