{"Q3":[{"Season":"Q3","year":"2000","Sea-salt":0.011115,"Crustal":0.951802,"OrganicCarbon":1.82255,"ElementalCarbon":0.144999,"Nitrate":0.285895348837209,"Sulfate":4.58063720930233,"SumOfSpecies":7.7969985581395385}],"Q4":[{"Season":"Q4","year":"2000","Sea-salt":0.007538,"Crustal":0.238179,"OrganicCarbon":1.770413,"ElementalCarbon":0.166839,"Nitrate":0.462420833333333,"Sulfate":3.35115833333333,"SumOfSpecies":5.996548166666663}],"Q1":[{"Season":"Q1","year":"2001","Sea-salt":0.012446,"Crustal":0.413407,"OrganicCarbon":1.06564,"ElementalCarbon":0.128243,"Nitrate":0.474511764705882,"Sulfate":2.75518235294118,"SumOfSpecies":4.849430117647062}],"Q2":[{"Season":"Q2","year":"2001","Sea-salt":0.043284,"Crustal":0.735845,"OrganicCarbon":1.858825,"ElementalCarbon":0.234365,"Nitrate":0.42375,"Sulfate":4.29,"SumOfSpecies":7.586069}],"Annual":[]}