{"Q2":[{"Season":"Q2","year":"2001","Sea-salt":0.069,"Crustal":1.052385,"OrganicCarbon":2.183376,"ElementalCarbon":0.185064,"Nitrate":0.39,"Sulfate":3.36592592592593,"SumOfSpecies":7.245750925925931}],"Q3":[],"Q4":[],"Q1":[],"Annual":[]}