{"Q1":[{"Season":"Q1","year":"2002","Sea-salt":0.131014,"Crustal":0.457528,"OrganicCarbon":2.27375,"ElementalCarbon":0.479193,"Nitrate":7.56785714285714,"Sulfate":1.63214285714286,"SumOfSpecies":12.541485},{"Season":"Q1","year":"2003","Sea-salt":0.079239,"Crustal":0.623377,"OrganicCarbon":1.795908,"ElementalCarbon":0.680821,"Nitrate":4.51192857142857,"Sulfate":1.51357142857143,"SumOfSpecies":9.204845}],"Q2":[{"Season":"Q2","year":"2002","Sea-salt":0.015348,"Crustal":1.355859,"OrganicCarbon":1.623224,"ElementalCarbon":0.221275,"Nitrate":0.581066666666667,"Sulfate":0.824666666666667,"SumOfSpecies":4.621439333333334},{"Season":"Q2","year":"2003","Sea-salt":0.040204,"Crustal":0.957889,"OrganicCarbon":0.950688,"ElementalCarbon":0.224263,"Nitrate":0.671428571428571,"Sulfate":0.939285714285714,"SumOfSpecies":3.783758285714285}],"Q3":[{"Season":"Q3","year":"2002","Sea-salt":0.023659,"Crustal":1.094295,"OrganicCarbon":2.780215,"ElementalCarbon":0.344389,"Nitrate":0.5854375,"Sulfate":1.154375,"SumOfSpecies":5.9823705}],"Q4":[{"Season":"Q4","year":"2002","Sea-salt":0.027437,"Crustal":0.643232,"OrganicCarbon":2.21976,"ElementalCarbon":0.684683,"Nitrate":4.89342857142857,"Sulfate":1.61357142857143,"SumOfSpecies":10.082112}],"Annual":[{"Season":"Annual","year":"2002","Sea-salt":0.04936449999999999,"Crustal":0.8877284999999999,"OrganicCarbon":2.22423725,"ElementalCarbon":0.432385,"Nitrate":3.4069474702380944,"Sulfate":1.3061889880952393,"SumOfSpecies":8.306851708333333}]}