{"Q4":[{"Season":"Q4","year":"2016","Sea-salt":0.00216,"Crustal":0.126851,"OrganicCarbon":0.521538461538462,"ElementalCarbon":0.115384615384615,"Nitrate":1.66818181818182,"Sulfate":0.820454545454545,"SumOfSpecies":3.254570440559442}],"Annual":[]}