{"Q2":[{"Season":"Q2","year":"2016","Sea-salt":0.864707,"Crustal":2.537516,"OrganicCarbon":0.548695652173913,"ElementalCarbon":0.361521739130435,"Nitrate":0.295714285714286,"Sulfate":0.850357142857143,"SumOfSpecies":5.458511819875778}],"Q3":[{"Season":"Q3","year":"2016","Sea-salt":1.113686,"Crustal":3.980608,"OrganicCarbon":0.76624,"ElementalCarbon":0.39188,"Nitrate":0.213214285714286,"Sulfate":0.970357142857143,"SumOfSpecies":7.435985428571429}],"Q4":[{"Season":"Q4","year":"2016","Sea-salt":0.928428,"Crustal":1.141353,"OrganicCarbon":0.752,"ElementalCarbon":0.514724137931034,"Nitrate":0.201034482758621,"Sulfate":0.666206896551724,"SumOfSpecies":4.203746517241378}],"Annual":[]}