{"Q2":[{"Season":"Q2","year":"2016","Sea-salt":0.905657,"Crustal":2.079531,"OrganicCarbon":3.74,"ElementalCarbon":0.753333333333333,"Nitrate":0.764166666666667,"Sulfate":1.30428571428571,"SumOfSpecies":9.54697371428571}],"Q3":[{"Season":"Q3","year":"2016","Sea-salt":0.672638,"Crustal":2.88988,"OrganicCarbon":2.90625,"ElementalCarbon":0.66875,"Nitrate":0.64,"Sulfate":1.319375,"SumOfSpecies":9.096893}],"Q4":[{"Season":"Q4","year":"2016","Sea-salt":1.52064,"Crustal":3.378998,"OrganicCarbon":8.44210526315789,"ElementalCarbon":1.72631578947368,"Nitrate":1.8925,"Sulfate":0.982,"SumOfSpecies":17.942559052631573}],"Annual":[]}